Cultivar,H_Max,H_Max_unscaled,H_over_R,H_over_V,H_over_V_40,H_over_V_60,Leaf_angle_0,Leaf_angle_1,Leaf_angle_2,Leaf_angle_3,Leaf_angle_count,Main_leaf_angle,R_Max,R_Max_unscaled,R_over_V,R_over_V_40,R_over_V_60,Ring Diameter,Scale,V_100,V_100_unscaled,V_40,V_40_unscaled,V_60,V_60_over_V_40,V_60_unscaled,V_over_V_40,V_over_V_60,plane_projection_area,plane_projection_area_unitless
Wheat_Kukri_D1_2023-06-28-1900_fused_output_cluster_1,17.5513112,0.578490798,1.025042774,0.124296218,0.313972673,0.253438517,20.87846155,14.8317621,,,2,14.8317621,17.1225159,0.564357715,0.121259543,0.30630202,0.253438517,,30.33982781,141.2055128,0.005056061,55.90076057,0.002001605,69.25273802,1.238851445,0.002479691,2.526003427,2.038988159,,
Wheat_Kukri_D2_2023-06-28-1835_fused_output_cluster_2,19.17088106,0.629681882,1.067735215,0.123552861,0.483107801,0.346480989,20.03936769,21.62309685,,,2,21.62309685,17.95471461,0.589735988,0.115714888,0.452460305,0.346480989,,30.4453433,155.1633922,0.005498277,39.68240837,0.001406162,55.33025376,1.394327009,0.00196065,3.910130421,2.804313763,,
Wheat_Kukri_D6_2023-06-28-1741_fused_output_cluster_0,22.32611805,0.735480672,1.729154442,0.04366643,0.149349366,0.097357149,9.506194169,29.72929574,20.83449527,,3,20.83449527,12.91158124,0.425341227,0.025253054,0.086371328,0.097357149,,30.35581888,511.2879136,0.018278463,149.4892055,0.005344216,229.3218154,1.53403595,0.008198219,3.420232999,2.229565089,,
Wheat_Kukri_D0_2023-06-28-1713_fused_output_cluster_4,14.73095141,0.487209908,0.966141595,0.098061762,0.273597126,0.193811654,17.73911736,,,,1,17.73911736,15.24719719,0.504284165,0.101498333,0.28318533,0.193811654,,30.23532808,150.2211581,0.005434844,53.84176225,0.001947938,76.00653074,1.411664989,0.002749836,2.790049058,1.97642435,,
Wheat_Kukri_D0_2023-06-28-1713_fused_output_cluster_5,24.82482674,0.821053659,1.959764013,0.082633233,0.337110444,0.123114765,15.64503051,19.85753121,,,2,19.85753121,12.66725309,0.418955371,0.042164889,0.172015835,0.123114765,,30.23532808,300.421826,0.010868946,73.64004048,0.002664219,201.6397201,2.738180463,0.007295113,4.079598871,1.489894083,,
Wheat_Kukri_D0_2023-06-28-1713_fused_output_cluster_6,24.33442944,0.804834311,2.501773262,0.177621568,0.459335726,0.361959954,10.11408439,18.86334218,,,2,18.86334218,9.726872459,0.321705537,0.070998268,0.183604059,0.361959954,,30.23532808,137.0015463,0.004956572,52.97743693,0.001916668,67.22961799,1.269023605,0.002432297,2.586035758,2.037815331,,
Wheat_Kukri_D0_2023-06-28-1713_fused_output_cluster_7,25.29437959,0.836583599,3.770097635,0.171857611,0.81782609,0.289937943,28.48569247,17.20818817,,,2,17.20818817,6.709210753,0.221899717,0.045584393,0.21692438,0.289937943,,30.23532808,147.1821899,0.005324897,30.92880002,0.001118971,87.24066712,2.820693563,0.003156276,4.758742331,1.687082352,,
Wheat_Kukri_D0_2023-06-28-1713_fused_output_cluster_8,23.37225764,0.773011544,1.927319175,0.141427324,0.413614431,0.293189003,20.55351203,14.40551376,,,2,14.40551376,12.12682256,0.401081229,0.073380333,0.21460609,0.293189003,,30.23532808,165.2598453,0.005978927,56.50735531,0.002044377,79.71737493,1.410743336,0.002884091,2.924572287,2.073071843,,
Wheat_Kukri_D1_2023-06-28-1900_fused_output_cluster_2,19.48385638,0.642187441,1.106776505,0.04991602,0.15978398,0.113382499,26.24409098,20.73299483,,,2,20.73299483,17.60414709,0.580232268,0.045100361,0.144368785,0.113382499,,30.33982781,390.3327298,0.01397641,121.9387352,0.004366187,171.8418321,1.40924729,0.006153037,3.20105608,2.271465132,,
Wheat_Kukri_D1_2023-06-28-1900_fused_output_cluster_3,17.8369373,0.587905028,1.564337445,0.101082857,0.225228641,0.182515617,18.38719882,19.93101606,,,2,19.93101606,11.40223125,0.37581727,0.064617041,0.143977018,0.182515617,,30.33982781,176.458579,0.006318347,79.19480054,0.002835681,97.72828,1.234023943,0.003499298,2.228158639,1.805604059,,
Wheat_Kukri_D1_2023-06-28-1900_fused_output_cluster_4,22.90221548,0.754856475,2.026853915,0.206857695,0.486517611,0.389293776,18.06928284,17.62199243,,,2,17.62199243,11.2993913,0.372427667,0.102058512,0.240035855,0.389293776,,30.33982781,110.7148345,0.0039643,47.07376453,0.001685542,58.83016097,1.249744132,0.002106496,2.3519435,1.881940024,,
Wheat_Kukri_D1_2023-06-28-1900_fused_output_cluster_5,19.50389182,0.642847808,1.381167773,0.058430547,0.115584038,0.094563239,25.67660565,21.56730364,,,2,21.56730364,14.12130532,0.465437886,0.042305177,0.083685734,0.094563239,,30.33982781,333.7961534,0.011952039,168.7420867,0.006042047,206.2523663,1.222293563,0.007385155,1.978144042,1.618387025,,
Wheat_Kukri_D2_2023-06-28-1835_fused_output_cluster_0,25.03642509,0.822340049,2.076670961,0.107470389,0.257594713,0.182937416,17.81879772,19.58783335,,,2,19.58783335,12.05603852,0.395989574,0.051751284,0.124042142,0.182937416,,30.4453433,232.9611479,0.008255072,97.19308585,0.003444076,136.8578699,1.40810294,0.004849614,2.396890127,1.702212288,,
Wheat_Kukri_D2_2023-06-28-1835_fused_output_cluster_3,19.15129437,0.629038542,1.373562829,0.084049293,0.180896169,0.139695468,22.30749324,19.14005829,,,2,19.14005829,13.9427873,0.457961244,0.061190716,0.131698504,0.139695468,,30.4453433,227.8578886,0.008074236,105.8689879,0.00375151,137.0931683,1.294932265,0.004857952,2.152262841,1.662065961,,
Wheat_Kukri_D2_2023-06-28-1835_fused_output_cluster_4,24.03788442,0.789542236,2.904810295,0.305913448,0.850685712,0.533017694,14.1380857,15.90779634,,,2,15.90779634,8.275199403,0.271805094,0.105312711,0.292854137,0.533017694,,30.4453433,78.5774034,0.002784422,28.25706849,0.001001301,45.09772318,1.595980248,0.001598056,2.780805214,1.74238072,,
Wheat_Kukri_D2_2023-06-28-1835_fused_output_cluster_5,18.7734696,0.616628606,2.873634673,0.216430477,0.408809844,0.290802491,24.17153118,20.09232272,,,2,20.09232272,6.533004969,0.214581419,0.075315933,0.142262288,0.290802491,,30.4453433,86.74133993,0.003073714,45.9222542,0.001627274,64.55745791,1.405798975,0.00228762,1.888873737,1.343630043,,
Wheat_Kukri_D3_2023-06-28-1928_fused_output_cluster_0,22.77051725,0.751498491,1.665959937,0.102240812,0.210609098,0.172008029,19.10691388,25.19290579,,,2,25.19290579,13.66810614,0.451090374,0.061370511,0.126419065,0.172008029,,30.30015031,222.7145574,0.008005975,108.1174436,0.003886525,132.3805483,1.224414339,0.004758716,2.059931774,1.682381288,,
Wheat_Kukri_D3_2023-06-28-1928_fused_output_cluster_1,24.63905331,0.813166042,5.569891267,0.158998422,0.356413676,0.279095656,22.39064355,13.10531951,,,2,13.10531951,4.423614777,0.145993163,0.028546055,0.063989342,0.279095656,,30.30015031,154.9641375,0.005570534,69.13049347,0.002485051,88.28175136,1.277030539,0.003173486,2.241617696,1.755336014,,
Wheat_Kukri_D3_2023-06-28-1928_fused_output_cluster_3,27.26941346,0.899976178,2.529553609,0.234971256,1.135679836,0.790957251,20.1058561,,,,1,20.1058561,10.78032636,0.355784584,0.092890404,0.448964525,0.790957251,,30.30015031,116.0542525,0.004171831,24.01153266,0.000863149,34.4764694,1.435829603,0.001239334,4.833271335,3.366187272,,
Wheat_Kukri_D3_2023-06-28-1928_fused_output_cluster_4,24.08491924,0.79487788,1.557911815,0.087953861,0.266343781,0.199469599,21.21081546,17.15579794,,,2,17.15579794,15.4597449,0.510220073,0.056456251,0.17096204,0.199469599,,30.30015031,273.8358391,0.009843645,90.42793908,0.003250636,120.7448119,1.335260022,0.004340444,3.028221608,2.267889069,,
Wheat_Kukri_D3_2023-06-28-1928_fused_output_cluster_5,21.38043054,0.70562127,1.235957209,0.089461705,0.278409814,0.199645081,25.48470735,,,,1,25.48470735,17.29868185,0.57091076,0.072382526,0.225258457,0.199645081,,30.30015031,238.9897504,0.008591024,76.79481646,0.002760562,107.0921977,1.39452378,0.00384967,3.112055753,2.231626164,,
Wheat_Kukri_D4_2023-06-28-1953_fused_output_cluster_1,26.05755092,0.86106435,3.175613354,0.129966389,0.254063392,0.196567615,24.15966191,17.31146376,,,2,17.31146376,8.20551749,0.271148989,0.040926389,0.08000451,0.196567615,,30.26202503,200.4945366,0.007234501,102.563186,0.003700816,132.5627874,1.292498727,0.004783301,1.954839201,1.512449614,,
Wheat_Kukri_D4_2023-06-28-1953_fused_output_cluster_3,24.2975314,0.802905007,1.772671439,0.18336289,0.552349411,0.361948521,22.09485129,13.14248155,,,2,13.14248155,13.70673147,0.452935039,0.103438734,0.311591533,0.361948521,,30.26202503,132.5106264,0.004781418,43.98942211,0.001587283,67.12979891,1.526044119,0.002422264,3.012329329,1.973946422,,
Wheat_Kukri_D4_2023-06-28-1953_fused_output_cluster_4,21.41270813,0.707576843,1.238758402,0.110052291,0.394159941,0.219572843,20.60575588,,,,1,20.60575588,17.28562091,0.571198421,0.088840803,0.31818952,0.219572843,,30.26202503,194.5684907,0.00702067,54.32492218,0.001960222,97.51983838,1.795121548,0.003518836,3.581569617,1.995168306,,
Wheat_Kukri_D4_2023-06-28-1953_fused_output_cluster_5,27.89788058,0.92187752,3.343280953,0.118408346,0.263472214,0.186373595,26.07173686,19.16728918,,,2,19.16728918,8.344461916,0.275740368,0.03541681,0.078806483,0.186373595,,30.26202503,235.6073842,0.008501488,105.8854752,0.003820696,149.6879459,1.413677803,0.005401232,2.225115236,1.573990362,,
Wheat_Kukri_D4_2023-06-28-1953_fused_output_cluster_6,24.9934309,0.825900807,2.313621101,0.074200753,0.282578929,0.10748698,23.74064505,20.52649332,,,2,20.52649332,10.80273295,0.356973234,0.032071264,0.122137081,0.10748698,,30.26202503,336.8352715,0.012154122,88.44761009,0.00319148,232.525195,2.628959616,0.008390272,3.80830269,1.448596877,,
Wheat_Kukri_D5_2023-06-28-1809_fused_output_cluster_0,27.49118996,0.882654323,2.445912444,0.231513094,0.698637778,0.519251054,16.40415337,19.5493972,13.64339392,,3,13.64339392,11.23964598,0.360869141,0.094653059,0.285634827,0.519251054,,31.14604351,118.7457238,0.003930152,39.34970429,0.001302365,52.94392712,1.345472045,0.001752296,3.01770308,2.242858252,,
Wheat_Kukri_D5_2023-06-28-1809_fused_output_cluster_2,19.63396161,0.630383811,1.151462281,0.118565856,0.251680863,0.213854787,25.8051588,16.64000841,,,2,16.64000841,17.0513285,0.547463709,0.102969813,0.218574996,0.213854787,,31.14604351,165.5954104,0.005480746,78.01134083,0.002581957,91.80978295,1.176877387,0.003038647,2.12270945,1.803679359,,
Wheat_Kukri_D5_2023-06-28-1809_fused_output_cluster_3,12.81929489,0.411586624,0.555213109,0.062483245,0.178441925,0.129706904,33.51200236,,,,1,33.51200236,23.08896293,0.741312871,0.112539211,0.321393573,0.129706904,,31.14604351,205.1637174,0.006790346,71.8401513,0.002377708,98.83278754,1.375731896,0.003271089,2.855836377,2.075866952,,
Wheat_Kukri_D5_2023-06-28-1809_fused_output_cluster_5,23.42499079,0.752101652,1.643255358,0.334200408,0.894788121,0.643668654,10.8546174,9.238182875,,,2,9.238182875,14.25523469,0.457690065,0.203377039,0.544521651,0.643668654,,31.14604351,70.09264561,0.002319871,26.17937166,0.000866464,36.39293391,1.390137792,0.001204504,2.677399845,1.925996013,,
Wheat_Kukri_D5_2023-06-28-1809_fused_output_cluster_6,18.81828143,0.604194925,3.960896066,0.314293224,0.653493569,0.511169036,18.1469738,19.14996442,,,2,19.14996442,4.751016213,0.152539959,0.079349021,0.164986296,0.511169036,,31.14604351,59.8749193,0.001981693,28.7964294,0.000953081,36.81420453,1.278429489,0.001218447,2.079248037,1.626408069,,
Wheat_Kukri_D6_2023-06-28-1741_fused_output_cluster_2,22.05532184,0.726559936,3.039943602,0.145917859,0.343435753,0.268992947,9.479512315,13.7662404,,,2,13.7662404,7.255174676,0.239004413,0.048000186,0.112974383,0.268992947,,30.35581888,151.1488856,0.005403549,64.21964414,0.002295842,81.99219375,1.276746311,0.002931208,2.353623842,1.843454586,,
Wheat_Kukri_D6_2023-06-28-1741_fused_output_cluster_3,28.15501551,0.927499786,5.279263446,0.436137234,3.129168968,0.896677894,13.54207015,14.58547584,,,2,14.58547584,5.333133267,0.175687346,0.082613273,0.592728323,0.896677894,,30.35581888,64.55540445,0.002307846,8.997601535,0.000321663,31.3992524,3.489735823,0.001122518,7.174734755,2.05595355,,
Wheat_Kukri_D6_2023-06-28-1741_fused_output_cluster_4,24.12321826,0.794681849,1.739141213,0.111251351,0.223413342,0.178124325,23.37611968,22.71180298,,,2,22.71180298,13.87076453,0.456939231,0.063969131,0.128461875,0.178124325,,30.35581888,216.8352829,0.007751827,107.9757283,0.003860115,135.429107,1.254255092,0.004841569,2.008185417,1.601098078,,
Wheat_Kukri_D6_2023-06-28-1741_fused_output_cluster_5,22.42778319,0.738829787,1.883196242,0.226214345,0.560216806,0.423341224,22.87727708,8.74922639,,,2,8.74922639,11.90942435,0.39232756,0.120122555,0.297481905,0.423341224,,30.35581888,99.1439477,0.003544381,40.03411345,0.001431213,52.97802797,1.323322122,0.001893956,2.476486655,1.871416349,,
Wheat_Kukri_D7_2023-06-28-2046_fused_output_cluster_1,20.06377984,0.638780416,1.278892987,0.099093054,0.270931176,0.206840995,18.00968979,22.4108868,,,2,22.4108868,15.68839617,0.499479176,0.07748346,0.211848199,0.206840995,,31.40950998,202.4741296,0.006534104,74.05489526,0.002389848,97.00098298,1.309852409,0.003130348,2.734108648,2.087341008,,
Wheat_Kukri_D7_2023-06-28-2046_fused_output_cluster_2,30.87848458,0.983093484,2.644216045,0.154540508,0.418028112,0.258215874,12.07999874,13.17238196,,,2,13.17238196,11.67774647,0.371790151,0.058444736,0.158091512,0.258215874,,31.40950998,199.8083545,0.006448076,73.86700488,0.002383785,119.5839903,1.618909424,0.003859131,2.704974364,1.670862078,,
Wheat_Kukri_D7_2023-06-28-2046_fused_output_cluster_3,26.32293135,0.838056097,2.28041597,0.091747316,1.356629049,0.159164043,35.15650253,18.23608038,,,1,35.15650253,11.54303939,0.367501416,0.04023271,0.594904205,0.159164043,,31.40950998,286.9068289,0.009258858,19.40319011,0.000626166,165.3823998,8.523464383,0.005337106,14.78658031,1.734808717,,
Wheat_Kukri_D7_2023-06-28-2046_fused_output_cluster_4,23.42181881,0.745691952,2.207371537,0.130360679,0.308549776,0.222665025,16.7975925,12.84026379,,,2,12.84026379,10.61072793,0.337818958,0.059056972,0.139781532,0.222665025,,31.40950998,179.6693533,0.005798164,75.90936916,0.002449694,105.1885848,1.385712804,0.003394573,2.366892985,1.708068929,,
Wheat_Kukri_D7_2023-06-28-2046_fused_output_cluster_5,20.93975374,0.666669227,5.026243147,0.197393833,0.378131194,0.272917634,23.39484678,16.37884631,,,2,16.37884631,4.166084515,0.132637679,0.039272639,0.075231377,0.272917634,,31.40950998,106.0810939,0.003423375,55.37695403,0.001787087,76.72554327,1.385513967,0.002476033,1.915618072,1.382604663,,
Wheat_Kukri_D8_2023-06-28-2019_fused_output_cluster_0,23.48756516,0.735671064,1.982742112,0.114891138,0.328874724,0.253651961,18.16423966,22.92855171,,,2,22.92855171,11.84600106,0.371037191,0.057945578,0.165868633,0.253651961,,31.92672148,204.433218,0.006281863,71.41796989,0.002194545,92.59760931,1.296558968,0.002845357,2.862489907,2.207759137,,
Wheat_Kukri_D8_2023-06-28-2019_fused_output_cluster_2,21.32354494,0.667890217,1.153681746,0.105120373,0.305079403,0.225420035,21.68940375,20.02450364,,,2,20.02450364,18.4830392,0.578920677,0.091117306,0.264439829,0.225420035,,31.92672148,202.8488332,0.006233178,69.89506573,0.002147749,94.59471932,1.353381935,0.002906725,2.902191037,2.144399124,,
Wheat_Kukri_D8_2023-06-28-2019_fused_output_cluster_3,16.05826474,0.502972557,5.100435075,1.030471837,2.720792229,2.036449586,11.11609985,,,,1,11.11609985,3.148410775,0.098613657,0.202036066,0.533443165,2.036449586,,31.92672148,15.58340963,0.00047885,5.902054766,0.000181359,7.885422185,1.336046936,0.000242305,2.640336331,1.976230221,,
Wheat_Kukri_D8_2023-06-28-2019_fused_output_cluster_4,24.39544816,0.764107526,1.656676573,0.084895681,0.184260949,0.147405598,20.78334705,18.6947362,,,2,18.6947362,14.72553458,0.461229149,0.051244571,0.111223248,0.147405598,,31.92672148,287.3579435,0.00882999,132.3961927,0.004068296,165.4987901,1.250026808,0.005085479,2.170439631,1.736314467,,
Wheat_Kukri_D8_2023-06-28-2019_fused_output_cluster_5,26.20786388,0.820875513,3.676867858,0.185310676,0.585099545,0.477809519,21.38413091,15.82046915,,,2,15.82046915,7.127768767,0.223254015,0.050399058,0.159129881,0.477809519,,31.92672148,141.4266268,0.004345785,44.79214538,0.001376382,54.85002456,1.2245456,0.001685442,3.157397923,2.578424129,,
Wheat_Kukri_D9_2023-06-28-2117_fused_output_cluster_0,23.98938763,0.774553514,1.459579386,0.047539354,0.104963444,0.081760145,24.79885741,23.44403932,,,2,23.44403932,16.43582245,0.530668987,0.032570585,0.071913488,0.081760145,,30.97189181,504.6216562,0.016984888,228.5499284,0.007692684,293.4117555,1.283797189,0.009875846,2.207927431,1.719841304,,
Wheat_Kukri_D9_2023-06-28-2117_fused_output_cluster_1,22.86029937,0.738098257,1.70345988,0.233423012,0.793813614,0.531607833,21.01456465,16.95247964,,,1,21.01456465,13.41992238,0.433293596,0.13702877,0.466000769,0.531607833,,30.97189181,97.93507143,0.003296363,28.79806916,0.000969304,43.00218684,1.493231598,0.001447396,3.40075131,2.277443977,,
Wheat_Kukri_D9_2023-06-28-2117_fused_output_cluster_2,22.33903535,0.721268029,3.202987091,0.288378909,0.691312466,0.537775189,17.79852884,,,,1,17.79852884,6.974438145,0.225186055,0.090034365,0.215833672,0.537775189,,30.97189181,77.46417884,0.00260734,32.31394838,0.001087644,41.53972848,1.285504575,0.001398172,2.397236572,1.864821502,,
Wheat_Kukri_D9_2023-06-28-2117_fused_output_cluster_3,25.78356109,0.832482602,3.023912188,0.126686287,0.25529394,0.209237979,23.14395018,15.46076056,,,2,15.46076056,8.526557482,0.27529986,0.04189483,0.084425051,0.209237979,,30.97189181,203.5229038,0.006850308,100.9955862,0.003399376,123.2260088,1.220112813,0.004147622,2.01516632,1.651622947,,
Wheat_Gladius_B0_2023-06-27-2226_fused_output_cluster_0,23.95406335,0.778019178,2.087969283,0.150450928,0.370936173,0.270107358,27.41346593,13.8737324,,,2,13.8737324,11.47242134,0.37262003,0.072056102,0.177654037,0.270107358,,30.78852558,159.2151253,0.005455288,64.57731848,0.002212653,88.68349049,1.373291623,0.003038618,2.465496075,1.79531866,,
Wheat_Gladius_B0_2023-06-27-2226_fused_output_cluster_1,27.1106729,0.880544696,2.229789768,0.142619032,0.427960064,0.320493975,22.26885728,18.68465936,,,2,18.68465936,12.15839865,0.394900321,0.063960753,0.191928437,0.320493975,,30.78852558,190.0915502,0.006513226,63.34860462,0.002170553,84.59027317,1.335313914,0.00289837,3.000721979,2.247203409,,
Wheat_Gladius_B0_2023-06-27-2226_fused_output_cluster_3,27.17213244,0.882540879,2.325262717,0.158570054,0.42911966,0.282149,21.82392846,18.44229014,,,2,18.44229014,11.68561825,0.379544588,0.068194468,0.184546743,0.282149,,30.78852558,171.3572753,0.005871322,63.32064211,0.002169595,96.30419556,1.520897331,0.003299731,2.706183475,1.779333437,,
Wheat_Gladius_B0_2023-06-27-2226_fused_output_cluster_4,21.01600409,0.682592092,1.421921793,0.107507536,0.268119197,0.195407487,17.33258624,10.64989722,,,2,10.64989722,14.77999999,0.48004897,0.075607208,0.188561142,0.195407487,,30.78852558,195.4840079,0.006697991,78.38306363,0.002685688,107.5496361,1.372102992,0.003685041,2.493957225,1.817616636,,
Wheat_Gladius_B1_2023-06-27-2104_fused_output_cluster_2,21.7408544,0.736576527,1.713565966,0.099149467,0.253597596,0.166314962,32.92346835,13.00132918,,,2,13.00132918,12.68749195,0.429850115,0.057861482,0.147994067,0.166314962,,29.51608367,219.2735386,0.00852727,85.72973389,0.003333921,130.7209771,1.524803253,0.005083573,2.557730307,1.677416613,,
Wheat_Gladius_B1_2023-06-27-2104_fused_output_cluster_3,23.60888851,0.799865212,2.558212053,0.242269718,0.658352513,0.462504779,27.90532772,17.16831243,,,2,17.16831243,9.228667531,0.312665719,0.09470275,0.257348687,0.462504779,,29.51608367,97.44878037,0.00378966,35.86055803,0.001394572,51.04571792,1.423450184,0.001985103,2.717436251,1.909049071,,
Wheat_Gladius_B1_2023-06-27-2104_fused_output_cluster_5,26.10612188,0.884471062,3.561668117,0.124376996,0.250218116,0.205335888,25.91182412,12.06091875,,,2,12.06091875,7.329745788,0.248330567,0.034920995,0.070253069,0.205335888,,29.51608367,209.895099,0.008162555,104.3334603,0.004057396,127.1386224,1.218579562,0.00494426,2.011771663,1.650915316,,
Wheat_Gladius_B1_2023-06-27-2104_fused_output_cluster_6,21.53238456,0.729513604,4.938948681,0.38249372,0.955719102,0.643250272,26.23162809,16.42603683,,,2,16.42603683,4.359710123,0.147706253,0.07744436,0.193506587,0.643250272,,29.51608367,56.29474008,0.002189231,22.53003474,0.000876165,33.47434974,1.485765563,0.001301775,2.498653053,1.681727667,,
Wheat_Gladius_B1_2023-06-27-2104_fused_output_cluster_7,25.34058015,0.858534636,2.621184195,0.171693227,0.357158932,0.257399309,25.22355257,13.8287745,,,2,13.8287745,9.667607564,0.327536935,0.06550216,0.136258617,0.257399309,,29.51608367,147.5921943,0.005739674,70.95043091,0.002759172,98.44851659,1.387567564,0.003828538,2.080215616,1.499181495,,
Wheat_Gladius_B2_2023-06-27-0014_fused_output_cluster_0,25.51515993,0.836431193,2.371001141,0.090778478,0.181968865,0.144354879,26.73813537,17.12699524,,,2,17.12699524,10.76134444,0.352775534,0.038286982,0.076747692,0.144354879,,30.50479243,281.0705842,0.009901732,140.2171733,0.004939659,176.7530133,1.260566086,0.006226767,2.004537516,1.590188359,,
Wheat_Gladius_B2_2023-06-27-0014_fused_output_cluster_10,24.57382224,0.805572511,3.190605912,0.070654081,0.124794046,0.102892382,33.95854981,24.87000694,,,2,24.87000694,7.70192964,0.252482611,0.022144409,0.039112962,0.102892382,,30.50479243,347.8047094,0.012252684,196.9150208,0.006937047,238.830336,1.212859918,0.008413666,1.766268048,1.456283633,,
Wheat_Gladius_B2_2023-06-27-0014_fused_output_cluster_7,27.99701789,0.917790801,4.62112891,0.111506682,0.232411273,0.175186925,32.73082366,14.52646111,,,2,14.52646111,6.058480175,0.198607487,0.024129749,0.050293181,0.175186925,,30.50479243,251.0792831,0.00884518,120.4632524,0.004243756,159.8122572,1.326647372,0.005629967,2.084281124,1.571089023,,
Wheat_Gladius_B2_2023-06-27-0014_fused_output_cluster_8,25.74010121,0.843805159,3.728053845,0.247373513,0.537668664,0.410460487,19.69649981,13.82535122,,,2,13.82535122,6.904433864,0.226339316,0.066354598,0.144222344,0.410460487,,30.50479243,104.0535864,0.003665665,47.87353797,0.001686519,62.71030223,1.309915767,0.002209198,2.173509432,1.659274197,,
Wheat_Gladius_B2_2023-06-27-0014_fused_output_cluster_9,23.83419235,0.781326161,4.697956171,0.169711666,0.552025975,0.458623205,34.82977525,19.45414944,,,2,19.45414944,5.073310921,0.166311931,0.036124574,0.117503432,0.458623205,,30.50479243,140.4393283,0.004947485,43.17585297,0.001521026,51.96900657,1.203659059,0.001830797,3.25272852,2.702366999,,
Wheat_Gladius_B3_2023-06-27-2257_fused_output_cluster_0,30.5339689,1.013013791,4.333308889,0.170543375,0.346276144,0.269596401,28.21813807,14.29874711,,,2,14.29874711,7.046340265,0.233773732,0.039356385,0.07991033,0.269596401,,30.14171097,179.0393143,0.006537997,88.17808985,0.003220008,113.2580731,1.284424207,0.004135857,2.030428587,1.580808408,,
Wheat_Gladius_B3_2023-06-27-2257_fused_output_cluster_1,27.56442698,0.914494436,3.189468142,0.325248723,1.060303852,0.606963052,20.23638596,7.114118902,,,1,20.23638596,8.642327108,0.286723176,0.101975849,0.332439079,0.606963052,,30.14171097,84.74876318,0.003094779,25.99672437,0.000949325,45.4136819,1.746900158,0.001658376,3.259978525,1.866150456,,
Wheat_Gladius_B3_2023-06-27-2257_fused_output_cluster_2,24.28872547,0.805817742,1.521776462,0.148983092,0.537956723,0.354721742,20.03991229,,,,1,20.03991229,15.9607709,0.529524383,0.097900773,0.353505746,0.354721742,,30.14171097,163.0300806,0.005953386,45.14996172,0.001648746,68.47261559,1.516559771,0.002500421,3.61085756,2.380953016,,
Wheat_Gladius_B3_2023-06-27-2257_fused_output_cluster_3,26.31731225,0.873119389,2.645276959,0.239912048,0.586455875,0.412888323,26.49508823,,,,1,26.49508823,9.948792756,0.330067287,0.090694491,0.221699234,0.412888323,,30.14171097,109.6956674,0.004005768,44.87517879,0.001638711,63.73954111,1.420374087,0.002327583,2.444461959,1.720998701,,
Wheat_Gladius_B3_2023-06-27-2257_fused_output_cluster_4,21.01689565,0.697269497,1.8768217,0.252358363,0.574374837,0.421800323,21.98915875,13.44353586,,,2,13.44353586,11.19813121,0.37151611,0.134460489,0.30603591,0.421800323,,30.14171097,83.28194639,0.003041215,36.59090599,0.001336194,49.82664668,1.361722137,0.001819525,2.276028541,1.6714339,,
Wheat_Gladius_B4_2023-06-27-2235_fused_output_cluster_1,27.90509402,0.945788286,2.973813992,0.215482875,0.531538739,0.363826376,20.81853633,18.79079074,,,2,18.79079074,9.383604386,0.318038818,0.072460105,0.17873974,0.363826376,,29.50458832,129.5002861,0.005041991,52.49870234,0.002043995,76.6989308,1.460968126,0.002986212,2.466733087,1.688423616,,
Wheat_Gladius_B4_2023-06-27-2235_fused_output_cluster_2,24.44551464,0.828532646,3.642719032,0.166832089,0.578190046,0.338162175,30.17411918,18.77800717,,,2,18.77800717,6.710787856,0.227448958,0.04579878,0.158724854,0.338162175,,29.50458832,146.527654,0.005704938,42.27937652,0.001646114,72.28932278,1.70980106,0.002814527,3.465700443,2.026961221,,
Wheat_Gladius_B4_2023-06-27-2235_fused_output_cluster_3,27.12494954,0.919346823,5.147394927,0.315323949,0.719735088,0.443542979,18.44129639,12.06787462,,,2,12.06787462,5.269646089,0.178604291,0.061258938,0.139825115,0.443542979,,29.50458832,86.02248455,0.003349217,37.6874075,0.001467329,61.15517733,1.622695255,0.002381028,2.282525922,1.406626361,,
Wheat_Gladius_B4_2023-06-27-2235_fused_output_cluster_4,24.69196392,0.83688556,1.863692629,0.175518618,0.447921959,0.315309577,20.36265382,15.90982965,,,2,15.90982965,13.24894649,0.449046987,0.094177878,0.240341112,0.315309577,,29.50458832,140.6800272,0.005477265,55.12559363,0.002146271,78.31022495,1.420578352,0.003048946,2.551991152,1.796445193,,
Wheat_Gladius_B4_2023-06-27-2235_fused_output_cluster_5,26.78813752,0.907931242,1.668066405,0.110482852,0.305387318,0.231262196,19.45483285,15.31904403,,,2,15.31904403,16.05939514,0.544301617,0.066234085,0.183078633,0.231262196,,29.50458832,242.46421,0.009440151,87.71856571,0.003415253,115.8344856,1.320524163,0.004509924,2.764115077,2.09319538,,
Wheat_Gladius_B5_2023-06-27-2212_fused_output_cluster_1,26.79994656,0.891355993,3.84176797,0.284975148,0.66007817,0.452883127,19.70781055,10.81312179,,,2,10.81312179,6.975940963,0.232017134,0.074178126,0.171816251,0.452883127,,30.06649056,94.04310066,0.003460021,40.60117084,0.001493793,59.17629732,1.457502237,0.002177206,2.316265731,1.589202179,,
Wheat_Gladius_B5_2023-06-27-2212_fused_output_cluster_2,28.20468269,0.938076981,6.17307425,0.280897742,0.54750546,0.409392332,16.58504846,11.12558487,,,2,11.12558487,4.568984844,0.151962692,0.045503704,0.088692512,0.409392332,,30.06649056,100.4090757,0.003694237,51.5148884,0.001895329,68.89401806,1.337361299,0.002534739,1.949127308,1.457442584,,
Wheat_Gladius_B5_2023-06-27-2212_fused_output_cluster_3,28.50193722,0.947963553,3.691901548,0.157794773,0.796885166,0.248548869,25.20859279,16.62791678,,,2,16.62791678,7.720123857,0.256768373,0.042740786,0.215846808,0.248548869,,30.06649056,180.626625,0.00664559,35.7666806,0.001315923,114.673373,3.206150839,0.004219047,5.050136662,1.575140071,,
Wheat_Gladius_B5_2023-06-27-2212_fused_output_cluster_4,18.76788867,0.624212814,1.89560428,0.092770859,0.210398473,0.163000816,29.78249633,23.15239902,,,2,23.15239902,9.900741875,0.329294896,0.048939992,0.110992824,0.163000816,,30.06649056,202.3037068,0.00744313,89.2016393,0.003281895,115.1398447,1.290781713,0.004236209,2.267937096,1.757026052,,
Wheat_Gladius_B5_2023-06-27-2212_fused_output_cluster_5,23.17475875,0.77078363,2.06094022,0.180056837,0.405997992,0.311649871,27.56875082,20.54878829,,,2,20.54878829,11.24475059,0.373996113,0.087366356,0.196996491,0.311649871,,30.06649056,128.7080186,0.004735408,57.08096886,0.002100115,74.36152215,1.302737561,0.002735899,2.254832411,1.730841636,,
Wheat_Gladius_B6_2023-06-27-2029_fused_output_cluster_0,27.338137,0.918545087,2.704254299,0.268921902,1.921622789,0.58792181,21.18097113,12.52381303,,,1,21.18097113,10.10930703,0.339666683,0.099444014,0.710592487,0.58792181,,29.76243342,101.6582761,0.003856004,14.22658868,0.000539629,46.49961361,3.268500599,0.001763778,7.145653709,2.186217653,,
Wheat_Gladius_B6_2023-06-27-2029_fused_output_cluster_1,26.95051922,0.905521361,4.387721918,0.24742932,0.491158614,0.375741504,24.59918846,18.30374935,,,2,18.30374935,6.14225781,0.206376197,0.056391295,0.111939321,0.375741504,,29.76243342,108.9220921,0.004131528,54.87131537,0.002081326,71.72622391,1.307171578,0.00272065,1.985046128,1.518581157,,
Wheat_Gladius_B6_2023-06-27-2029_fused_output_cluster_2,24.60878094,0.826840352,3.258318442,0.329832189,1.382077229,0.578300326,21.74289911,13.51608195,,,2,13.51608195,7.552601556,0.253762905,0.101227733,0.424168863,0.578300326,,29.76243342,74.61000399,0.002830035,17.8056482,0.000675387,42.55363488,2.389895296,0.001614103,4.190243631,1.753316825,,
Wheat_Gladius_B8_2023-06-27-2143_fused_output_cluster_1,25.87033996,0.858419821,2.649307623,0.106205525,0.270667927,0.198567152,28.97024671,19.56038742,,,2,19.56038742,9.764943764,0.324016665,0.04008803,0.102165534,0.198567152,,30.1371652,243.5875159,0.008899136,95.57962853,0.003491871,130.2850937,1.363105253,0.004759787,2.548529635,1.869649926,,
Wheat_Gladius_B8_2023-06-27-2143_fused_output_cluster_2,26.27014013,0.871685839,2.042568326,0.236800881,0.542066421,0.390496932,29.62914578,15.67366534,,,2,15.67366534,12.86132748,0.426759697,0.115932905,0.265384719,0.390496932,,30.1371652,110.9376793,0.004052956,48.46295424,0.001770528,67.27361462,1.388145144,0.002457749,2.289123332,1.649051859,,
Wheat_Gladius_B8_2023-06-27-2143_fused_output_cluster_3,23.53699412,0.780995623,2.029705983,0.14140438,0.280851322,0.209593477,24.02989827,,,,1,24.02989827,11.59625794,0.384782638,0.06966742,0.138370446,0.209593477,,30.1371652,166.4516622,0.006081083,83.80588686,0.003061733,112.298314,1.339981214,0.004102665,1.98615716,1.482227616,,
Wheat_Gladius_B8_2023-06-27-2143_fused_output_cluster_4,27.32687834,0.906750126,2.636161297,0.143827862,0.292286475,0.219557002,29.31040815,14.21168881,,,2,14.21168881,10.36616324,0.343966102,0.054559583,0.110875793,0.219557002,,30.1371652,189.9971111,0.006941284,93.49347542,0.003415656,124.4637066,1.331255534,0.004547111,2.032196474,1.526526216,,
Wheat_Gladius_B8_2023-06-27-2143_fused_output_cluster_5,26.36727563,0.874908952,3.338444635,0.135300607,0.351056969,0.260637479,26.22619795,18.45862024,,,2,18.45862024,7.898071861,0.262070829,0.040528037,0.105155846,0.260637479,,30.1371652,194.8792123,0.007119645,75.10825303,0.002743977,101.164559,1.346916683,0.003695908,2.594644456,1.926358541,,
Wheat_Gladius_B9_2023-06-27-2128_fused_output_cluster_1,24.01730111,0.811991295,1.63104908,0.182502279,0.512614716,0.334139405,28.01065246,,,,1,28.01065246,14.7250634,0.497833759,0.111892574,0.31428528,0.334139405,,29.57827411,131.6000063,0.005085544,46.85253925,0.001810567,71.87808674,1.534134284,0.002777653,2.80881268,1.830877981,,
Wheat_Gladius_B9_2023-06-27-2128_fused_output_cluster_2,22.83630104,0.772063338,1.446958793,0.139032922,0.553935603,0.370804528,22.65792825,19.44904083,,,2,19.44904083,15.78227462,0.533576589,0.096086304,0.38282749,0.370804528,,29.57827411,164.2510331,0.006347309,41.22555203,0.001593118,61.58582041,1.493874973,0.002379919,3.984204577,2.667026793,,
Wheat_Gladius_B9_2023-06-27-2128_fused_output_cluster_3,23.00289243,0.777695559,1.516678586,0.148649459,0.626929145,0.297276827,22.92457303,19.17614359,,,2,19.17614359,15.16662307,0.512762273,0.098009862,0.413356627,0.297276827,,29.57827411,154.745887,0.005979992,36.69137512,0.0014179,77.37869335,2.108906878,0.002990218,4.217500339,1.999851384,,
Wheat_Gladius_B9_2023-06-27-2128_fused_output_cluster_4,29.45292254,0.995762039,3.362538819,0.175437523,0.376251707,0.289721278,28.35016787,15.92005006,,,2,15.92005006,8.759132346,0.296133991,0.052174126,0.111895127,0.289721278,,29.57827411,167.8826859,0.00648765,78.27983761,0.003025042,101.6595079,1.298667843,0.003928525,2.144647856,1.651421391,,
Wheat_Gladius_B9_2023-06-27-2128_fused_output_cluster_5,21.9052345,0.740585283,1.340707129,0.135516427,0.352765532,0.258950129,27.16157818,8.410614709,,,2,8.410614709,16.33856793,0.552384087,0.101078322,0.26311901,0.258950129,,29.57827411,161.6426504,0.006246511,62.09573362,0.002399624,84.59248338,1.362291392,0.003268988,2.60312007,1.910839403,,
Wheat_Gladius_B7_2023-06-27-2047_fused_output_cluster_0,22.56256688,0.736897298,2.023133964,0.071691865,0.174005404,0.119532915,25.32882332,24.11625673,,,2,24.11625673,11.15228516,0.364235543,0.035436044,0.086007851,0.119532915,,30.61833304,314.7158586,0.010964126,129.6658974,0.004517323,188.7560996,1.455711203,0.006575918,2.427128989,1.667314907,,
Wheat_Gladius_B7_2023-06-27-2047_fused_output_cluster_1,22.06072745,0.720507136,1.650790936,0.221175012,0.908644872,0.529665081,16.23080976,,,,1,16.23080976,13.36373187,0.436461771,0.133981237,0.55043001,0.529665081,,30.61833304,99.74330868,0.003474875,24.27871233,0.000845826,41.65033385,1.715508355,0.001451022,4.108261894,2.394778132,,
Wheat_Gladius_B7_2023-06-27-2047_fused_output_cluster_3,22.06223592,0.720556403,1.386279743,0.14394578,0.465721288,0.34084868,24.74637181,14.15757786,,,2,14.15757786,15.91470699,0.519777056,0.103836026,0.335950439,0.34084868,,30.61833304,153.2676814,0.005339566,47.37218692,0.00165036,64.72736215,1.366357907,0.002254983,3.235393832,2.3678963,,
Wheat_Gladius_B7_2023-06-27-2047_fused_output_cluster_4,28.60564367,0.934265221,4.695026661,0.258941751,0.516702628,0.387993784,21.20539218,16.52564545,,,1,21.20539218,6.092754256,0.198990397,0.055152349,0.110053183,0.387993784,,30.61833304,110.4713458,0.00384862,55.36190861,0.001928708,73.72706692,1.33172914,0.002568516,1.995439618,1.498382485,,
Wheat_Gladius_B7_2023-06-27-2047_fused_output_cluster_5,25.81247721,0.843039926,1.445742334,0.119845217,0.383366833,0.247940238,16.66035584,,,,1,16.66035584,17.85413389,0.58311907,0.082895281,0.265169543,0.247940238,,30.61833304,215.381788,0.007503508,67.33101292,0.002345689,104.1076568,1.546206604,0.003626921,3.198849663,2.06883715,,
Wheat_Gladius_B7_2023-06-27-2047_fused_output_cluster_6,22.95906468,0.749846984,1.51690669,0.130178108,0.306498156,0.238803977,25.36434217,4.014012166,,,1,25.36434217,15.13544955,0.494326374,0.085818138,0.20205472,0.238803977,,30.61833304,176.366557,0.006144289,74.90767633,0.002609647,96.14188578,1.283471741,0.003349408,2.354452383,1.834440375,,
Wheat_Chara_A0_2023-06-27-1536_fused_output_cluster_0,20.03079521,0.867531138,1.638215229,0.07875792,0.151428586,0.129496534,22.06130634,23.49615215,,,2,23.49615215,12.22720608,0.529558707,0.048075441,0.092435098,0.129496534,,23.08942506,254.3337253,0.020661631,132.2788237,0.010746102,154.6820948,1.169364003,0.012566105,1.922709306,1.644235072,,
Wheat_Chara_A0_2023-06-27-1536_fused_output_cluster_2,15.98023091,0.692101725,2.403426526,0.130999665,1.167102744,0.293357437,67.13003574,13.63582671,,,2,13.63582671,6.648936733,0.287964586,0.054505375,0.48559951,0.293357437,,23.08942506,121.9868076,0.009909997,13.6922229,0.001112332,54.47358378,3.978432442,0.004425339,8.909204046,2.239375477,,
Wheat_Chara_A0_2023-06-27-1536_fused_output_cluster_3,23.39406583,1.013193952,1.506566786,0.128768198,0.294959158,0.223420213,34.85602368,21.00764149,,,2,21.00764149,15.52806423,0.672518445,0.085471284,0.195782331,0.223420213,,23.08942506,181.6758034,0.014759027,79.3128988,0.006443242,104.7088152,1.32019907,0.008506363,2.29062115,1.735057388,,
Wheat_Chara_A1_2023-06-27-1507_fused_output_cluster_1,13.56661438,0.469367844,0.961370878,0.073689203,1.145050956,0.257540344,86.07238006,53.74352574,,,1,86.07238006,14.11173844,0.488227649,0.07665013,1.19106058,0.257540344,,28.90401328,184.1058633,0.007624181,11.84804424,0.00049065,52.67762774,4.446103229,0.002181483,15.53892436,3.494953573,,
Wheat_Chara_A1_2023-06-27-1507_fused_output_cluster_6,24.67802749,0.853792421,5.335557169,0.226639397,1.041872357,0.322260936,33.00090728,19.38512319,,,2,19.38512319,4.625201588,0.160019356,0.042477175,0.195269645,0.322260936,,28.90401328,108.8867505,0.004509211,23.68622925,0.000980893,76.57778141,3.233008539,0.003171234,4.597048747,1.421910487,,
Wheat_Chara_A1_2023-06-27-1507_fused_output_cluster_7,24.82655468,0.858931057,4.578944068,0.151546618,0.278016512,0.225867171,24.08459778,27.6292472,,,2,27.6292472,5.421895159,0.18758278,0.033096412,0.060716293,0.225867171,,28.90401328,163.8212388,0.006784155,89.29884958,0.003698038,109.9166141,1.230884995,0.00455186,1.834527987,1.490413803,,
Wheat_Chara_A1_2023-06-27-1507_fused_output_cluster_8,17.1198825,0.592301226,3.146941652,0.39202599,3.809964149,0.858403935,23.80514481,,,,1,23.80514481,5.440165212,0.188214874,0.124573644,1.21068789,0.858403935,,28.90401328,43.67027426,0.001808471,4.493449761,0.000186082,19.94385371,4.438428104,0.000825914,9.718651945,2.18966078,,
Wheat_Chara_A1_2023-06-27-1507_fused_output_cluster_9,14.11339756,0.48828505,1.133093537,0.119706259,0.617895862,0.389401639,28.52862533,,,,1,28.52862533,12.45563328,0.430930928,0.105645523,0.545317613,0.389401639,,28.90401328,117.9002474,0.004882478,22.84106178,0.000945893,36.24380626,1.586782901,0.001500926,5.161767369,3.252976426,,
Wheat_Chara_A2_2023-06-27-1433_fused_output_cluster_0,20.429809,0.774526345,1.880279252,0.102666416,0.210326672,0.173609715,25.16101372,20.29276814,,,2,20.29276814,10.86530577,0.411920912,0.054601685,0.111859274,0.173609715,,26.37716475,198.9921314,0.010843053,97.13370523,0.005292802,117.676646,1.211491374,0.006412184,2.048641416,1.691007844,,
Wheat_Chara_A2_2023-06-27-1433_fused_output_cluster_1,23.55719192,0.893090373,2.351764495,0.143988562,0.552715143,0.237408753,13.21864266,22.37949457,,,2,22.37949457,10.01681587,0.379753319,0.061225757,0.235021468,0.237408753,,26.37716475,163.6046053,0.008914791,42.62085488,0.002322404,99.2262989,2.328116111,0.005406827,3.838604498,1.648802858,,
Wheat_Chara_A2_2023-06-27-1433_fused_output_cluster_2,23.68419887,0.897905408,4.988410861,0.139207261,0.67407951,0.192418807,30.57572162,25.70515287,,,2,25.70515287,4.74784446,0.179998287,0.027906134,0.135129108,0.192418807,,26.37716475,170.1362316,0.009270699,35.1356161,0.001914535,123.0867152,3.503189324,0.006706977,4.842272613,1.382246908,,
Wheat_Chara_A3_2023-06-27-1356_fused_output_cluster_1,8.782757842,0.304674759,5.745376795,0.596890423,1.211267585,0.832197973,,,,,0,,1.528665248,0.053029552,0.103890562,0.210824743,0.832197973,,28.82666707,14.7141879,0.000614261,7.250881597,0.000302697,10.5536881,1.455504129,0.000440576,2.029296397,1.394222357,,
Wheat_Chara_A3_2023-06-27-1356_fused_output_cluster_2,7.71698407,0.267702959,0.697427124,0.121080613,0.284602296,0.173203795,45.44786654,22.73854923,54.69095619,,3,54.69095619,11.06493252,0.38384363,0.173610416,0.408074601,0.173203795,,28.82666707,63.73426658,0.002660662,27.11497479,0.001131947,44.55435894,1.643164313,0.001859974,2.350519116,1.430483304,,
Wheat_Chara_A3_2023-06-27-1356_fused_output_cluster_3,26.03237431,0.903065701,4.051294022,0.066738386,0.135121247,0.103376846,26.30293414,19.20093623,,,2,19.20093623,6.425693659,0.222907964,0.01647335,0.033352614,0.103376846,,28.82666707,390.0659872,0.016283763,192.6593697,0.008042792,251.8201634,1.307074573,0.010512529,2.024640628,1.548986316,,
Wheat_Chara_A3_2023-06-27-1356_fused_output_cluster_4,22.54989809,0.782258248,2.790932881,0.146125372,0.488835801,0.226821432,25.73405546,28.54356263,,,2,28.54356263,8.079699172,0.280285583,0.052357179,0.1751514,0.226821432,,28.82666707,154.3188408,0.006442222,46.12980068,0.001925743,99.41696357,2.155157016,0.004150278,3.345317744,1.552238524,,
Wheat_Chara_A4_2023-06-27-1810_fused_output_cluster_1,27.20109573,0.928440061,5.138187932,0.19731645,0.373725894,0.293917125,21.69174624,20.65677856,,,2,20.65677856,5.293908299,0.180694064,0.038401953,0.07273496,0.293917125,,29.29763254,137.855185,0.005481829,72.7835458,0.002894247,92.54682153,1.27153494,0.003680136,1.894043268,1.489572334,,
Wheat_Chara_A4_2023-06-27-1810_fused_output_cluster_2,22.72577264,0.775686316,2.605507858,0.164758366,0.874576257,0.302066265,19.5940212,10.12822096,,,1,19.5940212,8.722204607,0.297710219,0.063234646,0.33566441,0.302066265,,29.29763254,137.9339522,0.005484962,25.98489551,0.001033293,75.23439492,2.895312583,0.002991706,5.308235786,1.833389534,,
Wheat_Chara_A4_2023-06-27-1810_fused_output_cluster_4,13.53386129,0.461943854,1.995374195,0.548953682,1.718245857,1.188896908,33.40957903,,,,1,33.40957903,6.782618178,0.231507381,0.275113151,0.861114603,1.188896908,,29.29763254,24.65392205,0.000980366,7.876556915,0.000313212,11.38354486,1.445243777,0.000452668,3.130037949,2.165750858,,
Wheat_Chara_A4_2023-06-27-1810_fused_output_cluster_8,17.39802983,0.593837397,3.012198622,0.419641011,0.952661628,0.634887361,27.84363065,,,,1,27.84363065,5.775857444,0.19714417,0.139313858,0.316267865,0.634887361,,29.29763254,41.45931729,0.001648635,18.26254918,0.000726213,27.40333308,1.5005207,0.001089697,2.270182376,1.512929729,,
Wheat_Chara_A4_2023-06-27-1810_fused_output_cluster_9,27.40020088,0.935236007,2.433924004,0.141688753,0.239908265,0.196004485,12.94127003,25.52967769,,,2,25.52967769,11.25762384,0.384250291,0.058214124,0.098568511,0.196004485,,29.29763254,193.3830335,0.007689902,114.2111584,0.004541622,139.7937443,1.223993752,0.005558917,1.693206129,1.383345402,,
Wheat_Chara_A5_2023-06-27-2004_fused_output_cluster_0,26.20743553,0.898801739,3.845428748,0.14730195,0.332766651,0.217595578,19.56018659,23.12404613,,,2,23.12404613,6.81521808,0.233732517,0.038305729,0.086535644,0.217595578,,29.15819406,177.9164193,0.007176855,78.75619573,0.003176895,120.4410297,1.529289583,0.004858392,2.259078383,1.477207724,,
Wheat_Chara_A5_2023-06-27-2004_fused_output_cluster_2,27.05919767,0.928013498,3.038087921,0.159107523,0.371248773,0.22785895,30.07034589,23.81449943,,,2,23.81449943,8.906653911,0.305459724,0.052370941,0.122198166,0.22785895,,29.15819406,170.0686248,0.006860288,72.88696864,0.00294014,118.7541576,1.629292037,0.004790347,2.333320043,1.432106701,,
Wheat_Chara_A5_2023-06-27-2004_fused_output_cluster_3,18.73672536,0.642588678,1.900267055,0.158222178,0.434777687,0.292230121,22.00659203,22.93610755,,,2,22.93610755,9.860048517,0.338157037,0.083263128,0.228798203,0.292230121,,29.15819406,118.4203475,0.004776881,43.09495618,0.001738379,64.11633856,1.487792174,0.002586347,2.747893443,1.846960544,,
Wheat_Chara_A5_2023-06-27-2004_fused_output_cluster_5,26.77925847,0.918412794,6.1661846,0.240887871,1.281758502,0.372990786,25.2386353,10.91367512,,,2,10.91367512,4.342921954,0.148943448,0.039065952,0.20786898,0.372990786,,29.15819406,111.1689782,0.004484373,20.89259282,0.000842773,71.79603222,3.436434761,0.002896134,5.320975677,1.548400027,,
Wheat_Chara_A5_2023-06-27-2004_fused_output_cluster_6,27.46339311,0.941875654,6.593515794,0.235392049,0.452612953,0.354765227,22.43979849,14.67977104,,,2,14.67977104,4.165212304,0.142848775,0.035700536,0.068645161,0.354765227,,29.15819406,116.6708616,0.00470631,60.67743513,0.002447628,77.4128664,1.2758098,0.003122707,1.922804768,1.507124939,,
Wheat_Chara_A6_2023-06-27-1618_fused_output_cluster_1,24.23267252,0.856412872,4.483593676,0.103654667,0.417933479,0.164837468,36.09425555,19.37192495,,,2,19.37192495,5.404743219,0.191010367,0.023118658,0.09321395,0.164837468,,28.29554917,233.782745,0.010319486,57.98212813,0.002559409,147.0094925,2.535427678,0.006489198,4.031979379,1.590256119,,
Wheat_Chara_A6_2023-06-27-1618_fused_output_cluster_2,24.25538291,0.857215485,3.654327444,0.129983231,0.339127265,0.216178423,22.02291033,21.96863035,,,2,21.96863035,6.637441029,0.234575445,0.035569673,0.092801554,0.216178423,,28.29554917,186.6039384,0.00823695,71.52295147,0.00315712,112.200758,1.568737806,0.004952693,2.609007802,1.66312547,,
Wheat_Chara_A6_2023-06-27-1618_fused_output_cluster_3,24.0810586,0.851054647,6.66262211,0.276321428,1.134920915,0.437463797,21.93186781,15.67080686,,,2,15.67080686,3.614351557,0.127735692,0.041473375,0.170341481,0.437463797,,28.29554917,87.14871949,0.003846862,21.21827016,0.000936603,55.04697476,2.594319628,0.002429848,4.107249028,1.583170008,,
Wheat_Chara_A7_2023-06-27-1654_fused_output_cluster_1,23.02725897,0.794214669,2.50370404,0.135375443,0.263633265,0.206055836,18.11668529,14.53096347,,,2,14.53096347,9.197276757,0.317215876,0.054070066,0.105297296,0.206055836,,28.99374674,170.0992323,0.006978938,87.34580196,0.003583678,111.7525204,1.279426348,0.004585052,1.947423098,1.522106451,,
Wheat_Chara_A7_2023-06-27-1654_fused_output_cluster_10,20.12232763,0.694023019,2.313951852,0.130827251,0.239184413,0.192841995,32.08719071,19.26312217,,,2,19.26312217,8.696087438,0.299929758,0.05653845,0.103366201,0.192841995,,28.99374674,153.808381,0.006310547,84.12892543,0.003451694,104.3461909,1.240312893,0.004281181,1.828246114,1.474020084,,
Wheat_Chara_A7_2023-06-27-1654_fused_output_cluster_11,17.10601261,0.589989723,1.761054234,0.268551702,0.570310589,0.432076068,25.42722839,28.72505611,,,2,28.72505611,9.713506989,0.335020757,0.15249485,0.323846125,0.432076068,,28.99374674,63.69727878,0.002613412,29.9942048,0.001230621,39.59028024,1.319930983,0.001624335,2.123652859,1.608912046,,
Wheat_Chara_A7_2023-06-27-1654_fused_output_cluster_12,23.22238536,0.800944616,2.184819467,0.097999861,0.234915466,0.173259294,19.4702796,16.05025265,,,2,16.05025265,10.62897219,0.366595331,0.044854901,0.107521683,0.173259294,,28.99374674,236.9634509,0.009722285,98.85422078,0.004055853,134.0325523,1.355860693,0.005499172,2.397099982,1.767954476,,
Wheat_Chara_A7_2023-06-27-1654_fused_output_cluster_2,25.09803628,0.865636184,2.962878202,0.071340876,0.375400596,0.109109045,26.93495076,18.50160975,,,2,18.50160975,8.470829566,0.29216057,0.024078234,0.126701326,0.109109045,,28.99374674,351.8044304,0.014434053,66.85667678,0.002743038,230.0270918,3.440600144,0.009437696,5.262068762,1.529404331,,
Wheat_Chara_A8_2023-06-27-1724_fused_output_cluster_10,30.36859528,1.004102078,5.762177063,0.223082987,0.410090077,0.328331472,28.0063098,14.09384611,,,2,14.09384611,5.270333582,0.174257415,0.038715052,0.071169295,0.328331472,,30.24452987,136.1313817,0.004920596,74.05347498,0.002676732,92.49370799,1.249012393,0.003343272,1.838284858,1.471790727,,
Wheat_Chara_A8_2023-06-27-1724_fused_output_cluster_7,25.35755191,0.83841779,1.432622104,0.065433261,0.120609902,0.103130251,22.74533236,20.34722877,,,2,22.74533236,17.70009819,0.585233041,0.045673776,0.084188218,0.103130251,,30.24452987,387.5330601,0.014007746,210.2443613,0.007599479,245.8788919,1.169491017,0.008887523,1.843250671,1.576113578,,
Wheat_Chara_A8_2023-06-27-1724_fused_output_cluster_8,26.87011788,0.888429015,3.599023828,0.165195574,0.42701166,0.297761825,22.99166738,20.8634041,,,2,20.8634041,7.465946091,0.246852774,0.045900106,0.118646522,0.297761825,,30.24452987,162.6564036,0.005879368,62.92595821,0.002274518,90.24030487,1.434071207,0.00326182,2.584885606,1.802480653,,
Wheat_Chara_A8_2023-06-27-1724_fused_output_cluster_9,16.28806929,0.538545957,1.193745938,0.081505096,0.156006418,0.12490907,26.64588349,30.83316602,,,2,30.83316602,13.64450239,0.45113951,0.068276752,0.130686449,0.12490907,,30.24452987,199.8411164,0.007223444,104.4064051,0.003773867,130.3994125,1.248959893,0.004713409,1.914069508,1.532530804,,
Wheat_Chara_A9_2023-06-27-1843_fused_output_cluster_0,23.75637966,0.814026831,2.404943067,0.185365975,0.397484053,0.262353584,18.51631841,20.81243658,,,2,20.81243658,9.878146383,0.338480708,0.077077074,0.165277947,0.262353584,,29.18377963,128.1593329,0.005156151,59.76687488,0.002404562,90.55100087,1.515070029,0.003643079,2.144320464,1.415327624,,
Wheat_Chara_A9_2023-06-27-1843_fused_output_cluster_2,25.5159711,0.874320305,1.791024404,0.083428331,0.16594881,0.121853194,32.71691795,17.58055404,,,2,17.58055404,14.24657924,0.488167723,0.046581348,0.092655806,0.121853194,,29.18377963,305.8429991,0.012304782,153.7580841,0.006186049,209.3992809,1.361874936,0.008424625,1.989118172,1.460573302,,
Wheat_Chara_A9_2023-06-27-1843_fused_output_cluster_3,24.75070846,0.848098114,4.995525273,0.22874615,0.407444736,0.328398029,30.37323531,21.02406186,,,2,21.02406186,4.954575768,0.169771559,0.04579021,0.081561941,0.328398029,,29.18377963,108.2016394,0.004353206,60.74617312,0.002443961,75.36801766,1.240703962,0.003032232,1.781209151,1.435643961,,
Wheat_Alsen_F0_2023-06-30-1949_fused_output_cluster_1,23.38490318,0.740063795,1.517055424,0.031214466,0.09712311,0.058292838,34.40711933,37.08346948,31.62158631,32.84643893,4,32.84643893,15.41466634,0.487829109,0.020575693,0.064020805,0.058292838,,31.5984964,749.1687699,0.02374545,240.7758888,0.007631567,401.162541,1.666124224,0.012715139,3.111477539,1.867494328,,
Wheat_Alsen_F0_2023-06-30-1949_fused_output_cluster_2,25.63365397,0.811230181,1.957848159,0.038909612,0.317134682,0.214354602,43.05729747,46.08482483,31.81193312,25.40074998,4,25.40074998,13.09276914,0.414347853,0.019873662,0.161981245,0.214354602,,31.5984964,658.8000369,0.020881148,80.82892044,0.002561932,119.5852745,1.479486226,0.003790342,8.150548508,5.509039803,,
Wheat_Alsen_F0_2023-06-30-1949_fused_output_cluster_3,22.74634478,0.71985529,1.904623192,0.095639039,0.451896682,0.190181619,48.21089955,41.27694424,33.30457945,,3,33.30457945,11.94270073,0.377951551,0.050214152,0.237263036,0.190181619,,31.5984964,237.8353555,0.007538365,50.33527728,0.001595413,119.6032767,2.376132271,0.003790913,4.725023251,1.988535449,,
Wheat_Alsen_F0_2023-06-30-1949_fused_output_cluster_4,25.99363717,0.822622597,1.592326636,0.016503077,0.148365559,0.050547264,54.24082376,42.50208429,49.38913391,,3,49.38913391,16.32431223,0.516616741,0.010364128,0.09317533,0.050547264,,31.5984964,1575.078203,0.049923252,175.1999408,0.00555309,514.2441957,2.935184758,0.016299345,8.990175434,3.062899332,,
Wheat_Alsen_F0_2023-06-30-1949_fused_output_cluster_5,24.14873464,0.764236827,1.755424654,0.044237763,0.178695037,0.071592316,55.30703922,33.41916898,37.83414422,,3,37.83414422,13.75663409,0.435357237,0.025200605,0.101795902,0.071592316,,31.5984964,545.8850735,0.017302225,135.1393698,0.004283341,337.3090314,2.496008616,0.010691256,4.039422963,1.618352972,,
Wheat_Alsen_F1_2023-06-30-1901_fused_output_cluster_1,18.50464259,0.572821289,1.166060529,0.035117816,0.184965663,0.130293527,29.00519313,62.09365169,62.09365169,,2,62.09365169,15.8693671,0.491244901,0.030116633,0.15862441,0.130293527,,32.30439049,526.9303294,0.015630344,100.0436638,0.002967597,142.0227311,1.419607457,0.004212823,5.267003521,3.710183049,,
Wheat_Alsen_F1_2023-06-30-1901_fused_output_cluster_2,27.84740365,0.862031545,1.734347335,0.05214337,0.183898709,0.145653239,41.1433904,28.05261992,37.87863542,,3,37.87863542,16.05641678,0.497035125,0.030065125,0.10603338,0.145653239,,32.30439049,534.0545483,0.01584167,151.4279451,0.00449181,191.1897311,1.262578919,0.005671265,3.526789907,2.793322346,,
Wheat_Alsen_F1_2023-06-30-1901_fused_output_cluster_3,26.3237282,0.814865342,1.235587434,0.028476777,0.394755532,0.192163011,77.58270529,52.00669109,,,2,52.00669109,21.30462602,0.659496301,0.023047157,0.319488141,0.192163011,,32.30439049,924.3928081,0.027420281,66.68362077,0.001978037,136.9864474,2.054274285,0.004063432,13.86236676,6.748060306,,
Wheat_Alsen_F2_2023-06-30-1925_fused_output_cluster_1,27.03335985,0.853882346,1.535794021,0.062719794,0.170914386,0.124038532,26.77521166,41.81847787,,,2,41.81847787,17.60220412,0.555987544,0.040838676,0.11128731,0.124038532,,31.65934978,431.0179946,0.013582804,158.1690137,0.004984429,217.9432426,1.377913647,0.006868113,2.725046989,1.977661658,,
Wheat_Alsen_F2_2023-06-30-1925_fused_output_cluster_2,21.02778295,0.664188718,4.272725726,0.171922117,0.589636492,0.51216026,29.25621072,23.14019948,,,2,23.14019948,4.921397792,0.15544848,0.040237106,0.13800008,0.51216026,,31.65934978,122.3099352,0.003854391,35.66228214,0.001123837,41.05703743,1.151273418,0.001293843,3.429672132,2.979024861,,
Wheat_Alsen_F2_2023-06-30-1925_fused_output_cluster_3,25.34542189,0.800566723,1.678369415,0.060074648,0.185725697,0.111372503,31.62992034,28.32028336,,,2,28.32028336,15.10121769,0.476990772,0.03579346,0.110658414,0.111372503,,31.65934978,421.8987971,0.013295428,136.4669632,0.004300526,227.5734241,1.667608179,0.007171592,3.091581926,1.853901872,,
Wheat_Alsen_F2_2023-06-30-1925_fused_output_cluster_4,24.95473033,0.788226243,1.992054351,0.060330115,0.278009533,0.140306725,33.22881991,29.21285854,21.92343447,,3,21.92343447,12.52713327,0.395685109,0.030285376,0.139559211,0.140306725,,31.65934978,413.6363764,0.013035052,89.76213907,0.002828702,177.8584053,1.981441252,0.005604907,4.608138584,2.325649866,,
Wheat_Alsen_F2_2023-06-30-1925_fused_output_cluster_5,27.25147208,0.860771692,1.68404492,0.04853058,0.103000289,0.073124812,19.38754107,40.13860848,37.8746781,24.95277409,4,24.95277409,16.18215272,0.511133451,0.028817865,0.061162436,0.073124812,,31.65934978,561.5319728,0.017695731,264.5766557,0.008337686,372.6706596,1.408554578,0.011744086,2.122379132,1.506778058,,
Wheat_Alsen_F3_2023-06-30-2040_fused_output_cluster_2,26.34877455,0.821762663,1.754988318,0.037206922,0.149491131,0.085347043,27.12576627,29.97552625,40.03004941,,3,40.03004941,15.01364669,0.468243951,0.021200667,0.085180699,0.085347043,,32.06372804,708.1686135,0.021482985,176.2564397,0.005346911,308.7251031,1.751567793,0.009365477,4.017831149,2.293848497,,
Wheat_Alsen_F3_2023-06-30-2040_fused_output_cluster_3,25.54895113,0.796817859,1.296607571,0.074900095,0.273739584,0.161850025,21.2373033,37.74785834,40.68720469,,3,40.68720469,19.70445932,0.614540496,0.057766202,0.211119841,0.161850025,,32.06372804,341.1070611,0.010347815,93.33305301,0.002831349,157.8557136,1.691316297,0.004788707,3.654729488,2.160878775,,
Wheat_Alsen_F3_2023-06-30-2040_fused_output_cluster_4,23.74893927,0.740679289,1.17168314,0.017033843,0.288635834,0.056005836,65.25103125,31.72903038,45.27782908,,3,45.27782908,20.26907998,0.632149822,0.014537926,0.246342909,0.056005836,,32.06372804,1394.220856,0.042295048,82.2799407,0.002496042,424.0440133,5.153674269,0.012863788,16.94484517,3.287915434,,
Wheat_Alsen_F3_2023-06-30-2040_fused_output_cluster_5,25.80270964,0.804732051,1.163201345,0.036169551,0.068365013,0.057183961,34.52251531,43.24613366,37.34278534,,3,37.34278534,22.1824964,0.691825242,0.031094833,0.058773155,0.057183961,,32.06372804,713.3820739,0.02164114,377.4256518,0.011449575,451.2228475,1.195527769,0.013688285,1.890126097,1.580997234,,
Wheat_Alsen_F3_2023-06-30-2040_fused_output_cluster_6,30.4928698,0.951008247,1.600401822,0.032710726,0.214541114,0.051606238,31.55909134,54.94935569,32.05337253,,3,32.05337253,19.05325861,0.59423092,0.02043907,0.13405453,0.051606238,,32.06372804,932.197905,0.028279132,142.1306582,0.004311672,590.8756545,4.157270938,0.017924789,6.5587391,1.577654956,,
Wheat_Alsen_F4_2023-06-30-1743_fused_output_cluster_0,26.33297934,0.79920454,1.171281523,0.017096008,0.085062615,0.065345801,52.41201474,36.03690187,32.10552005,,3,32.10552005,22.48219477,0.68233343,0.014595985,0.072623544,0.065345801,,32.94898619,1540.2999,0.043060505,309.5717107,0.008654363,402.978903,1.301730388,0.011265647,4.975583513,3.822284214,,
Wheat_Alsen_F4_2023-06-30-1743_fused_output_cluster_2,27.32440449,0.829294241,1.912931699,0.039884883,0.480705963,0.248060144,77.90507468,39.53158251,46.69926781,17.26531348,4,17.26531348,14.28404605,0.433520047,0.020850134,0.2512928,0.248060144,,32.94898619,685.0817266,0.019152092,56.84224165,0.001589077,110.1523368,1.937860535,0.00307941,12.05233479,6.21940257,,
Wheat_Alsen_F4_2023-06-30-1743_fused_output_cluster_3,29.89742366,0.907385238,2.281594445,0.052907763,0.232887018,0.084170645,18.35560044,34.89469608,29.2296634,28.59618926,4,28.59618926,13.10374143,0.397697864,0.023188943,0.102072048,0.084170645,,32.94898619,565.0857674,0.015797494,128.3773732,0.003588908,355.2001262,2.766843699,0.009929947,4.401755178,1.59089405,,
Wheat_Alsen_F4_2023-06-30-1743_fused_output_cluster_4,25.60825624,0.777209232,2.605291114,0.050155136,0.204728272,0.079183965,33.44024667,25.6848191,32.66844477,30.16256675,4,30.16256675,9.829326217,0.298319534,0.01925126,0.078581726,0.079183965,,32.94898619,510.5809321,0.014273761,125.0841227,0.003496842,323.4020454,2.585476384,0.009041003,4.081900412,1.578780776,,
Wheat_Alsen_F4_2023-06-30-1743_fused_output_cluster_5,24.83043221,0.753602313,1.716884665,0.051889907,0.13559654,0.10855302,21.46152228,23.6908011,29.70443714,,3,29.70443714,14.46249286,0.438935898,0.030223292,0.078978246,0.10855302,,32.94898619,478.5214271,0.013377508,183.1199543,0.005119287,228.740132,1.249127288,0.006394641,2.613158292,2.091987195,,
Wheat_Alsen_F5_2023-06-30-1810_fused_output_cluster_3,24.90931169,0.791743709,1.658993456,0.045319056,0.276380396,0.08285128,22.03178851,30.14911447,34.94512133,,3,34.94512133,15.01471365,0.477243419,0.0273172,0.16659523,0.08285128,,31.46133199,549.6432112,0.017650197,90.12691217,0.002894164,300.650898,3.335861517,0.009654531,6.098547016,1.828177514,,
Wheat_Alsen_F5_2023-06-30-1810_fused_output_cluster_4,25.12069705,0.798462604,1.381207537,0.027118979,0.069598988,0.055158212,47.54438691,22.18951941,38.88775721,,3,38.88775721,18.18748913,0.578090245,0.019634254,0.050389957,0.055158212,,31.46133199,926.3142541,0.029745894,360.9348043,0.011590374,455.4298625,1.261806445,0.014624808,2.566430954,2.033933939,,
Wheat_Alsen_F5_2023-06-30-1810_fused_output_cluster_5,27.50414437,0.874220595,1.488461525,0.03685312,0.214250106,0.139314638,31.26277111,26.37841937,33.10160918,,3,33.10160918,18.47823669,0.587331671,0.024759202,0.143940641,0.139314638,,31.46133199,746.3179361,0.023965835,128.3740059,0.004122359,197.4246551,1.537886536,0.00633972,5.813621933,3.780267138,,
Wheat_Alsen_F5_2023-06-30-1810_fused_output_cluster_6,24.49725955,0.778646612,1.877831615,0.0436715,0.249144391,0.098430487,31.16144086,15.77163842,23.82911782,,3,23.82911782,13.04550384,0.414651988,0.023256345,0.132676641,0.098430487,,31.46133199,560.9438589,0.018013084,98.32555109,0.00315744,248.8787801,2.531170965,0.00799202,5.704965319,2.253883834,,
Wheat_Alsen_F6_2023-06-30-1836_fused_output_cluster_2,22.99631227,0.725878179,1.754052855,0.102601994,0.262331673,0.213721479,17.1345133,32.1497042,,,2,32.1497042,13.1103873,0.413829137,0.058494243,0.14955745,0.213721479,,31.68067719,224.1312423,0.007048862,87.66121156,0.00275692,107.5994437,1.227446458,0.003383971,2.556789238,2.08301488,,
Wheat_Alsen_F6_2023-06-30-1836_fused_output_cluster_3,22.62670484,0.714211527,1.874073246,0.119866787,0.270312505,0.219052523,26.06927173,26.49718657,,,2,26.49718657,12.07354349,0.381101181,0.063960567,0.144237962,0.219052523,,31.68067719,188.7654243,0.005936618,83.70572733,0.002632521,103.2935139,1.234007722,0.003248551,2.255107629,1.827466384,,
Wheat_Alsen_F6_2023-06-30-1836_fused_output_cluster_4,27.62122551,0.871863482,1.645421303,0.018761801,0.089420708,0.065758801,23.36459939,45.56450906,36.91635527,35.49432796,4,35.49432796,16.78671929,0.529872489,0.01140243,0.054345175,0.065758801,,31.68067719,1472.205409,0.046300432,308.8907052,0.009714523,420.0384627,1.359828754,0.013210087,4.766104594,3.50493,,
Wheat_Alsen_F6_2023-06-30-1836_fused_output_cluster_5,22.99164042,0.725730712,1.96610238,0.041427753,0.082984753,0.068545071,35.84362892,25.23919622,21.66387125,34.85599379,4,34.85599379,11.69401993,0.369121527,0.021071005,0.042207747,0.068545071,,31.68067719,554.9815933,0.01745401,277.0586129,0.008713413,335.4236888,1.21065967,0.010548977,2.003119801,1.654568869,,
Wheat_Alsen_F6_2023-06-30-1836_fused_output_cluster_6,24.67162892,0.778759519,2.173324991,0.116127164,0.462420296,0.20599246,31.72178343,32.89720254,32.26519108,,3,32.26519108,11.35202007,0.358326307,0.053432949,0.212770892,0.20599246,,31.68067719,212.4535565,0.006681603,53.35325706,0.001677944,119.769573,2.244840889,0.003766718,3.982016623,1.7738525,,
Wheat_Alsen_F7_2023-06-30-1707_fused_output_cluster_1,17.51319326,0.532550389,1.411111233,0.138607459,0.320789051,0.206866289,37.78238472,30.89290448,,,2,30.89290448,12.41092329,0.377397881,0.09822575,0.227330804,0.206866289,,32.88551396,126.3510158,0.003552752,54.59411165,0.001535083,84.65948401,1.550707237,0.002380465,2.314370762,1.492461444,,
Wheat_Alsen_F7_2023-06-30-1707_fused_output_cluster_2,26.78580803,0.814516935,1.669796244,0.041319857,0.124364126,0.057714752,35.75642366,37.68113589,23.24622105,28.85041966,4,28.85041966,16.0413632,0.487794207,0.024745448,0.074478623,0.057714752,,32.88551396,648.2551064,0.018227707,215.3821117,0.006056138,464.1067855,2.154806552,0.013049805,3.009790837,1.396780066,,
Wheat_Alsen_F7_2023-06-30-1707_fused_output_cluster_3,25.90596391,0.787762172,1.730248581,0.028494601,0.124019332,0.069641199,35.44644863,31.02605567,37.97432678,,3,37.97432678,14.97239425,0.455288437,0.016468501,0.071677176,0.069641199,,32.88551396,909.1534289,0.025563675,208.8864984,0.005873493,371.9919308,1.780832814,0.010459709,4.352380052,2.444013844,,
Wheat_Alsen_F7_2023-06-30-1707_fused_output_cluster_4,26.53547918,0.806904804,2.133908479,0.049543348,0.134751555,0.070631171,27.35555115,36.58092614,31.10406992,,3,31.10406992,12.43515336,0.378134682,0.023217185,0.063147767,0.070631171,,32.88551396,535.6012495,0.015060094,196.9215067,0.00553706,375.690772,1.907819914,0.010563714,2.719871783,1.425643879,,
Wheat_Alsen_F7_2023-06-30-1707_fused_output_cluster_5,27.62471134,0.840026748,2.112106695,0.058015364,0.220322554,0.08294778,13.32758306,17.53684579,19.24500584,,3,19.24500584,13.07922152,0.397719845,0.027468008,0.104314121,0.08294778,,32.88551396,476.1619892,0.013388774,125.3830386,0.003525534,333.0373792,2.656159739,0.009364381,3.797658713,1.429755393,,
Wheat_Alsen_F8_2023-06-30-2013_fused_output_cluster_2,28.48119962,0.899503557,2.372661351,0.074433006,0.236523873,0.131499272,33.58246608,35.74153584,34.9403204,,3,34.9403204,12.00390423,0.379111649,0.031371104,0.099687161,0.131499272,,31.66324292,382.6420707,0.012053871,120.41575,0.003793299,216.5882682,1.79867059,0.006822896,3.177674603,1.76667958,,
Wheat_Alsen_F8_2023-06-30-2013_fused_output_cluster_3,27.22318412,0.859772456,1.925745202,0.061080669,0.385191334,0.105170696,45.66951091,1.314505574,40.6750379,,3,40.6750379,14.13644136,0.446462209,0.031717939,0.200021962,0.105170696,,31.66324292,445.6923075,0.01404006,70.67444596,0.002226364,258.8476187,3.662534814,0.008154137,6.306272395,1.721832751,,
Wheat_Alsen_F8_2023-06-30-2013_fused_output_cluster_4,25.24532457,0.797306979,1.765753148,0.034580209,0.106445308,0.053336483,20.2071036,37.33222514,38.02630453,,3,38.02630453,14.29719924,0.451539322,0.01958383,0.060283233,0.053336483,,31.66324292,730.0512348,0.022997846,237.1670961,0.007471164,473.3218792,1.995731646,0.014910438,3.078214671,1.542399088,,
Wheat_Alsen_F8_2023-06-30-2013_fused_output_cluster_5,24.82324323,0.783976654,1.237055094,0.029409236,0.08033061,0.062031359,39.49998327,42.7668802,32.22063299,11.37063439,3,32.22063299,20.06640072,0.633744332,0.023773586,0.06493697,0.062031359,,31.66324292,844.062839,0.026589404,309.0135045,0.009734447,400.1724845,1.294999988,0.012606109,2.731475572,2.109247566,,
Wheat_Alsen_F9_2023-06-30-2109_fused_output_cluster_0,25.26807833,0.784469222,3.533262294,0.145902944,0.349299279,0.21138346,44.11649234,39.68388089,,,2,39.68388089,7.151486708,0.222024055,0.041294116,0.098860274,0.21138346,,32.21041391,173.1841569,0.005182261,72.33933727,0.00216464,119.5366862,1.652443757,0.003576945,2.394052301,1.448795029,,
Wheat_Alsen_F9_2023-06-30-2109_fused_output_cluster_3,24.65244911,0.765356483,2.054694972,0.060807845,0.297826808,0.08586831,35.47472529,42.99351129,34.40618645,25.91009275,4,25.91009275,11.9981065,0.372491535,0.029594585,0.144949402,0.08586831,,32.21041391,405.4155994,0.012131417,82.77444626,0.002476894,287.0960098,3.468413535,0.008590892,4.897835234,1.412125511,,
Wheat_Alsen_F9_2023-06-30-2109_fused_output_cluster_4,21.74064745,0.674957097,1.075037646,0.022889738,0.097669773,0.058823572,38.93050598,58.45977043,45.71723817,,3,45.71723817,20.22314989,0.62784508,0.021292034,0.090852421,0.058823572,,32.21041391,949.7988891,0.028421222,222.5934065,0.006660754,369.5907388,1.660384935,0.011059415,4.26696776,2.569866584,,
Wheat_Alsen_F9_2023-06-30-2109_fused_output_cluster_5,26.89536093,0.834989609,2.446544322,0.035718781,0.120209211,0.055870642,29.25707331,36.10209632,26.96253874,21.61957673,3,26.96253874,10.99320404,0.341293473,0.014599687,0.049134287,0.055870642,,32.21041391,752.9753251,0.022531589,223.7379366,0.006695002,481.3862876,2.151563096,0.014404719,3.365434296,1.564181084,,
Wheat_Alsen_F9_2023-06-30-2109_fused_output_cluster_6,22.5355551,0.699635688,1.668089608,0.042817247,0.156055048,0.116040017,56.12477706,38.20884341,25.91769355,,3,25.91769355,13.50979887,0.419423324,0.025668434,0.093553156,0.116040017,,32.21041391,526.3195667,0.015749276,144.407729,0.004321172,194.2050306,1.344838201,0.005811277,3.644677264,2.71012324,,
Wheat_Teal_E0_2023-06-30-1636_fused_output_cluster_0,25.15781161,0.765658843,2.102798637,0.043565797,0.518514092,0.159336805,45.74262237,41.82889178,,,2,41.82889178,11.9639661,0.3641142,0.020718007,0.246582855,0.159336805,,32.85773008,577.467036,0.016278505,48.51905087,0.001367728,157.8907752,3.254201646,0.004450862,11.90186176,3.657382993,,
Wheat_Teal_E0_2023-06-30-1636_fused_output_cluster_3,23.37910519,0.711525268,1.845295802,0.023882923,0.166640913,0.079018778,34.41099641,30.17432275,,,2,30.17432275,12.66957046,0.385588731,0.012942598,0.0903058,0.079018778,,32.85773008,978.9046989,0.027594831,140.2963101,0.003954882,295.8677124,2.108877361,0.008340362,6.977408728,3.308589136,,
Wheat_Teal_E0_2023-06-30-1636_fused_output_cluster_4,,,,,,,48.35481144,54.07384356,30.03743501,,3,30.03743501,,,,,,,32.85773008,,,,,,,,,,,
Wheat_Teal_E0_2023-06-30-1636_fused_output_cluster_5,,,,,,,85.71905712,63.66000109,,,2,63.66000109,,,,,,,32.85773008,,,,,,,,,,,
Wheat_Teal_E0_2023-06-30-1636_fused_output_cluster_6,,,,,,,,,,,0,,,,,,,,32.85773008,,,,,,,,,,,
Wheat_Teal_E1_2023-06-30-1611_fused_output_cluster_1,,,,,,,46.08527717,62.31914027,62.46305781,,2,62.31914027,,,,,,,31.48698971,,,,,,,,,,,
Wheat_Teal_E1_2023-06-30-1611_fused_output_cluster_2,,,,,,,,,,,0,,,,,,,,31.48698971,,,,,,,,,,,
Wheat_Teal_E1_2023-06-30-1611_fused_output_cluster_6,21.37304608,0.678789756,1.157068871,0.012826931,0.318075558,0.046275485,31.13854014,74.13326766,,,2,74.13326766,18.4717147,0.586645941,0.011085711,0.274897689,0.046275485,,31.48698971,1666.263452,0.053376518,67.1948709,0.002152498,461.8654099,6.873521798,0.01479524,24.79747977,3.60768184,,
Wheat_Teal_E1_2023-06-30-1611_fused_output_cluster_7,,,,,,,36.17620298,22.43074066,,,2,22.43074066,,,,,,,31.48698971,,,,,,,,,,,
Wheat_Teal_E1_2023-06-30-1611_fused_output_cluster_8,22.23462445,0.706152752,1.57333181,0.033783296,0.380419494,0.067339988,68.13098965,,,,1,68.13098965,14.13219024,0.448826336,0.021472455,0.241792286,0.067339988,,31.48698971,658.1543912,0.021083095,58.44764736,0.001872292,330.1845611,5.649236129,0.01057702,11.2605797,1.993292445,,
Wheat_Teal_E1_2023-06-30-1611_fused_output_cluster_9,26.34640309,0.836739343,1.581017446,0.016261756,0.5205528,0.06322045,57.94410351,69.56128293,,,2,69.56128293,16.6642077,0.529241056,0.010285627,0.329251775,0.06322045,,31.48698971,1620.145014,0.051899176,50.61235498,0.001621299,416.7386187,8.233930605,0.013349664,32.01086009,3.887676692,,
Wheat_Teal_E9_2023-06-30-1245_fused_output_cluster_1,13.18187087,0.427398203,0.588244986,0.026154166,0.247275178,0.089122009,33.83108946,,,,1,33.83108946,22.40881125,0.726564973,0.04446135,0.420360876,0.089122009,,30.84212985,504.0065429,0.017179206,53.30850827,0.001817036,147.908143,2.77456916,0.005041491,9.454523477,3.407564537,,
Wheat_Teal_E9_2023-06-30-1245_fused_output_cluster_2,16.16974055,0.524274446,1.359038032,0.040696032,0.249258112,0.104441147,32.35743347,29.7283678,,,2,29.7283678,11.89793087,0.385768782,0.029944734,0.183407754,0.104441147,,30.84212985,397.3296587,0.013543094,64.87147155,0.002211163,154.8215532,2.386589198,0.005277137,6.124875068,2.566371738,,
Wheat_Teal_E9_2023-06-30-1245_fused_output_cluster_3,14.36351717,0.465710936,0.861146653,0.013434114,0.125743765,0.044384886,45.16075043,65.86026268,60.47655727,,3,60.47655727,16.67952505,0.540803282,0.015600263,0.14601899,0.044384886,,30.84212985,1069.182291,0.036443382,114.2284646,0.00389351,323.6128019,2.833031181,0.011030434,9.360033812,3.30389368,,
Wheat_Teal_E9_2023-06-30-1245_fused_output_cluster_4,13.15054097,0.426382388,0.694817413,0.018895181,0.107388332,0.064501831,30.56679143,50.66405396,,,2,50.66405396,18.926614,0.613661057,0.027194455,0.15455619,0.064501831,,30.84212985,695.9732792,0.023722447,122.4578191,0.00417401,203.8785677,1.664888115,0.006949259,5.683371502,3.413665729,,
Wheat_Teal_E9_2023-06-30-1245_fused_output_cluster_5,20.54411921,0.666105723,1.431907462,0.027067435,0.264094367,0.074992746,35.0650042,46.70572717,,,2,46.70572717,14.34737912,0.465187689,0.018903061,0.184435359,0.074992746,,30.84212985,758.9976493,0.02587065,77.79082704,0.002651522,273.9480869,3.521598847,0.009337598,9.756904228,2.770589341,,
Wheat_Teal_E8_2023-06-30-1219_fused_output_cluster_2,16.20347045,0.51430111,0.976993213,0.029025499,0.438060959,0.108432153,17.36423533,,,,1,17.36423533,16.58503891,0.526412163,0.029709008,0.448376665,0.108432153,,31.50580493,558.249499,0.017850756,36.98907681,0.001182774,149.4341857,4.039954458,0.004778353,15.09227986,3.735754949,,
Wheat_Teal_E8_2023-06-30-1219_fused_output_cluster_3,24.41123263,0.77481698,1.24277983,0.040501117,0.544349784,0.252003224,16.60816022,78.1147643,,,2,78.1147643,19.64244353,0.623454743,0.032589133,0.438009831,0.252003224,,31.50580493,602.729868,0.019273073,44.84475489,0.00143397,96.8687316,2.160090558,0.003097504,13.44036486,6.222130279,,
Wheat_Teal_E8_2023-06-30-1219_fused_output_cluster_4,20.70951445,0.657323769,1.5020114,0.0194636,0.115431745,0.059188701,32.59886659,50.32536627,,,2,50.32536627,13.78785437,0.437629015,0.012958357,0.076851444,0.059188701,,31.50580493,1064.012513,0.034023187,179.4091769,0.005736842,349.8896622,1.950232804,0.011188178,5.93064709,3.040994428,,
Wheat_Teal_E8_2023-06-30-1219_fused_output_cluster_5,20.61787259,0.65441504,1.609330298,0.041266347,0.246649502,0.147646286,34.67059132,44.85320762,,,2,44.85320762,12.81146115,0.406638116,0.025641938,0.1532622,0.147646286,,31.50580493,499.6292142,0.015976296,83.59178676,0.002672956,139.6436928,1.670543222,0.004465289,5.977013216,3.577886006,,
Wheat_Teal_E8_2023-06-30-1219_fused_output_cluster_6,15.29404786,0.485435871,0.765654066,0.031896877,0.419557958,0.098408579,36.04135073,83.78354514,,,2,83.78354514,19.97514092,0.634014619,0.041659646,0.547973264,0.098408579,,31.50580493,479.4841755,0.015332132,36.45276554,0.001165625,155.4137665,4.263428693,0.004969558,13.15357473,3.085210443,,
Wheat_Teal_E7_2023-06-30-1342_fused_output_cluster_1,20.10685732,0.645736696,1.326774638,0.014038917,0.604604173,0.068170593,79.2936104,63.08224293,,,2,63.08224293,15.15468922,0.486696593,0.010581237,0.455694702,0.068170593,,31.13785764,1432.222799,0.047439969,33.25623311,0.001101557,294.9491319,8.868987984,0.009769693,43.06629659,4.85582985,,
Wheat_Teal_E7_2023-06-30-1342_fused_output_cluster_2,11.11999978,0.357121543,0.605484492,0.026433216,0.319272944,0.155441686,89.5185757,,,,1,89.5185757,18.36545762,0.589811214,0.043656306,0.527301605,0.155441686,,31.13785764,420.6828149,0.01393441,34.82913281,0.001153656,71.53808014,2.053972476,0.002369578,12.07847514,5.880543818,,
Wheat_Teal_E7_2023-06-30-1342_fused_output_cluster_3,16.64867433,0.534676294,1.194889354,0.017116417,0.266958469,0.052564111,59.83698991,59.66817891,,,2,59.66817891,13.93323513,0.447469292,0.014324688,0.223416894,0.052564111,,31.13785764,972.6728852,0.032218152,62.36428614,0.002065712,316.7308261,5.078721263,0.010491175,15.59663303,3.070976379,,
Wheat_Teal_E7_2023-06-30-1342_fused_output_cluster_4,17.86724606,0.573811027,1.292168658,0.017811035,0.164999062,0.076533088,31.77455575,60.41851004,,,2,60.41851004,13.82733279,0.444068213,0.013783832,0.127691583,0.076533088,,31.13785764,1003.155944,0.033227852,108.2869556,0.003586823,233.4577959,2.155917993,0.007732896,9.26386691,4.296947723,,
Wheat_Teal_E7_2023-06-30-1342_fused_output_cluster_5,24.87469539,0.798856995,2.667844835,0.057251683,1.133922473,0.225529586,33.48123365,,,,1,33.48123365,9.323891352,0.299439077,0.0214599,0.425033142,0.225529586,,31.13785764,434.4797206,0.014391409,21.93685722,0.000726621,110.2945997,5.027821379,0.003653323,19.80592371,3.939265582,,
Wheat_Teal_E6_2023-06-30-1314_fused_output_cluster_2,21.34867527,0.684573608,1.217902785,0.031316969,0.215858721,0.102306653,32.4526994,77.26573314,,,2,77.26573314,17.5290471,0.562092161,0.025713849,0.177238056,0.102306653,,31.18536123,681.6967312,0.022477027,98.90114758,0.003260986,208.6733817,2.109918709,0.006880416,6.892708,3.266812115,,
Wheat_Teal_E6_2023-06-30-1314_fused_output_cluster_3,14.14484751,0.45357331,1.271292051,0.489718116,1.566096926,1.038488714,17.67262434,,,,1,17.67262434,11.12635566,0.356781362,0.385212914,1.231893902,1.038488714,,31.18536123,28.88365173,0.000952357,9.031910652,0.000297802,13.62060782,1.508053871,0.000449101,3.197955875,2.12058464,,
Wheat_Teal_E6_2023-06-30-1314_fused_output_cluster_4,16.67884456,0.534829288,1.013756479,0.011625893,0.187302198,0.059482531,35.81865188,42.77090413,33.3767878,,3,33.3767878,16.45251587,0.527571759,0.011468132,0.184760544,0.059482531,,31.18536123,1434.629063,0.047302848,89.04777802,0.002936099,280.3990389,3.148860591,0.009245368,16.1107789,5.116383669,,
Wheat_Teal_E6_2023-06-30-1314_fused_output_cluster_5,,,,,,,30.11158623,51.70929803,38.00481503,,3,38.00481503,,,,,,,31.18536123,,,,,,,,,,,
Wheat_Teal_E6_2023-06-30-1314_fused_output_cluster_6,20.6044992,0.660710615,1.272019691,0.015915231,0.14085814,0.058511092,34.61085587,52.97151717,60.2641186,,3,60.2641186,16.19825491,0.519418544,0.01251178,0.110735817,0.058511092,,31.18536123,1294.640296,0.042687113,146.2783705,0.004823117,352.1468949,2.407375019,0.011611051,8.850524462,3.676421161,,
Wheat_Teal_E5_2023-06-30-1516_fused_output_cluster_2,17.98027923,0.583921719,1.183080951,0.013013138,0.116962344,0.055818779,57.01234459,71.87831357,,,2,71.87831357,15.19784357,0.493560241,0.010999364,0.098862503,0.055818779,,30.79227684,1381.702065,0.047324823,153.7270764,0.005265322,322.1188212,2.09539418,0.011032926,8.988020182,4.289417364,,
Wheat_Teal_E5_2023-06-30-1516_fused_output_cluster_3,20.57027366,0.668033538,1.521625406,0.041997937,0.283306849,0.159763253,78.63941333,67.13257126,,,2,67.13257126,13.51861869,0.439026278,0.027600707,0.186186987,0.159763253,,30.79227684,489.7924766,0.016775934,72.60775269,0.002486896,128.7547245,1.77329169,0.004409992,6.745732493,3.80407382,,
Wheat_Teal_E5_2023-06-30-1516_fused_output_cluster_4,18.00467934,0.584714129,1.432237637,0.036097896,0.17539761,0.096876803,33.12937395,46.79425482,,,2,46.79425482,12.57101397,0.408252174,0.025203846,0.122464042,0.096876803,,30.79227684,498.7736444,0.017083549,102.6506537,0.003515898,185.8512952,1.810522275,0.006365612,4.858942698,2.68372434,,
Wheat_Teal_E5_2023-06-30-1516_fused_output_cluster_5,24.03270613,0.780478373,1.873847977,0.022346928,0.424241201,0.068131602,79.12576745,24.02924113,,,2,24.02924113,12.82532331,0.416511042,0.011925689,0.226401078,0.068131602,,30.79227684,1075.436697,0.036834896,56.64868491,0.00194028,352.7394828,6.22679032,0.012081717,18.98431885,3.048812932,,
Wheat_Teal_E4_2023-06-30-1409_fused_output_cluster_2,13.44031554,0.438906402,1.004223469,0.112665772,0.55638953,0.271691546,47.48091743,51.63067457,,,1,47.48091743,13.38378952,0.437060491,0.112191933,0.554049519,0.271691546,,30.62228184,119.2936884,0.004154367,24.15630562,0.000841236,49.46902378,2.047872078,0.001722744,4.938407814,2.411482566,,
Wheat_Teal_E2_2023-06-30-1543_fused_output_cluster_2,,,,,,,27.63850791,28.72382427,,,2,28.72382427,,,,,,,30.93507265,,,,,,,,,,,
Wheat_Teal_E2_2023-06-30-1543_fused_output_cluster_3,21.7006086,0.701488852,1.907832108,0.036242739,0.802907851,0.282887077,29.91483979,47.41345678,,,2,47.41345678,11.37448547,0.367688985,0.018996818,0.420848274,0.282887077,,30.93507265,598.7574146,0.020225417,27.02752075,0.000912962,76.71120516,2.838262742,0.002591227,22.15361964,7.805344908,,
Wheat_Teal_E2_2023-06-30-1543_fused_output_cluster_4,25.64632839,0.829037277,1.786294675,0.034234828,3.168805245,0.19181654,75.84998977,58.84800345,,,2,58.84800345,14.35727753,0.464110031,0.019165274,1.773954371,0.19181654,,30.93507265,749.1297675,0.025304842,8.09337476,0.000273386,133.7023824,16.51997917,0.004516331,92.56086487,5.602964987,,
Wheat_Teal_E2_2023-06-30-1543_fused_output_cluster_5,,,,,,,15.40098101,51.06615371,,,2,51.06615371,,,,,,,30.93507265,,,,,,,,,,0.026030945,2.72E-05
Wheat_Teal_E2_2023-06-30-1543_fused_output_cluster_6,25.99997588,0.840469204,1.497122573,0.043150033,0.413873855,0.215588982,25.3079433,48.86542563,,,2,48.86542563,17.3666314,0.561389708,0.028821977,0.276446206,0.215588982,,30.93507265,602.5482258,0.020353467,62.82101551,0.00212203,120.5997433,1.919735654,0.004073737,9.591507251,4.99626458,,
Wheat_Teal_E3_2023-06-30-1451_fused_output_cluster_1,22.02247507,0.656149755,1.111388973,0.01203084,0.305249754,0.04794168,61.9226262,,,,1,61.9226262,19.81527224,0.590387138,0.010825049,0.274656094,0.04794168,,33.56318417,1830.501818,0.048415085,72.14575861,0.001908189,459.3596841,6.367105883,0.01214964,25.37227209,3.984898721,,
Wheat_Teal_E3_2023-06-30-1451_fused_output_cluster_3,21.87628848,0.651794191,1.092935998,0.011413093,0.152252917,0.06913555,67.73548796,88.94526142,,,2,88.94526142,20.01607461,0.596369954,0.0104426,0.139306343,0.06913555,,33.56318417,1916.7712,0.05069683,143.6838711,0.003800306,316.4260404,2.202237718,0.008369177,13.34019737,6.057564659,,
Wheat_Teal_E3_2023-06-30-1451_fused_output_cluster_4,17.8965507,0.533219691,1.255126423,0.019063108,0.116348923,0.055816946,33.13201139,,,,1,33.13201139,14.25876339,0.424833452,0.015188197,0.092698967,0.055816946,,33.56318417,938.8055035,0.02483054,153.8179321,0.004068342,320.6293402,2.084473089,0.00848035,6.103355379,2.928008719,,
Wheat_Teal_E3_2023-06-30-1451_fused_output_cluster_5,23.94812721,0.713523696,1.916880757,0.023801088,0.133456091,0.089058631,37.66218622,38.4659964,,,2,38.4659964,12.49327957,0.372231654,0.012416572,0.069621488,0.089058631,,33.56318417,1006.177832,0.026612476,179.4457408,0.004746174,268.9029334,1.498519453,0.007112235,5.607142453,3.741788231,,
Wheat_Teal_E4_2023-06-30-1409_fused_output_cluster_1,,,,,,,71.26985172,27.42501949,,,2,27.42501949,,,,,,,30.62228184,,,,,,,,,,,
Wheat_Teal_E4_2023-06-30-1409_fused_output_cluster_3,17.03196163,0.556195052,1.305914407,0.024992826,0.226550586,0.091669362,51.81881356,42.94523113,,,2,42.94523113,13.04217301,0.425904675,0.01913818,0.173480424,0.091669362,,30.62228184,681.4740333,0.023732127,75.17950829,0.002618104,185.7977546,2.471388265,0.006470351,9.064624774,3.667827068,,
Wheat_Teal_E4_2023-06-30-1409_fused_output_cluster_4,,,,,,,41.98634135,65.06799222,,,2,65.06799222,,,,,,,30.62228184,,,,,,,,,,,
Wheat_Brandon_C0_2023-06-28-1220_fused_output_cluster_4,11.98441649,0.428252659,0.556184152,0.053449822,0.244045067,0.151769242,32.13693224,,,,1,32.13693224,21.54756919,0.769983571,0.096100944,0.438784648,0.151769242,,27.98445319,224.21808,0.010231049,49.10739083,0.002240765,78.96472515,1.608000829,0.003603153,4.56587239,2.839471416,,
Wheat_Brandon_C0_2023-06-28-1220_fused_output_cluster_5,12.23016631,0.437034314,0.56332523,0.058446344,0.490753358,0.241699026,29.85018429,,,,1,29.85018429,21.71066672,0.775811718,0.1037524,0.871172339,0.241699026,,27.98445319,209.254598,0.009548267,24.92120759,0.001137152,50.60080935,2.030431678,0.00230891,8.396647604,4.135400218,,
Wheat_Brandon_C0_2023-06-28-1220_fused_output_cluster_6,8.141066743,0.290913912,0.456409978,0.019564418,0.178649143,0.111821353,21.97370126,57.49276083,,,2,57.49276083,17.8371796,0.637396038,0.042865885,0.391422518,0.111821353,,27.98445319,416.1159778,0.018987331,45.57014168,0.002079361,72.80422318,1.59762995,0.003322049,9.131329474,5.715547253,,
Wheat_Brandon_C0_2023-06-28-1220_fused_output_cluster_7,,,,,,,,,,,0,,,,,,,,27.98445319,,,,,,,,,,,
Wheat_Brandon_C0_2023-06-28-1220_fused_output_cluster_8,14.62219988,0.522511545,0.795050382,0.032736871,0.277971662,0.171552121,37.00674357,,,,1,37.00674357,18.39153871,0.657205577,0.041175844,0.349627732,0.171552121,,27.98445319,446.6584472,0.020380981,52.60320346,0.002400279,85.23473686,1.620333578,0.003889253,8.491088333,5.240333503,,
Wheat_Brandon_C1_2023-06-28-1139_fused_output_cluster_0,14.09447457,0.515074727,1.000817228,0.04341932,0.158369144,0.119241815,43.71853996,,,,1,43.71853996,14.08296558,0.514654138,0.043383866,0.158239826,0.119241815,,27.36394124,324.6129703,0.015842726,88.99760555,0.004343525,118.200772,1.328134294,0.005768785,3.647434875,2.746284689,,
Wheat_Brandon_C1_2023-06-28-1139_fused_output_cluster_1,20.58386682,0.752225955,1.337078364,0.049515997,0.118983525,0.093444155,45.17570582,,,,1,45.17570582,15.39466001,0.56258928,0.03703298,0.088987697,0.093444155,,27.36394124,415.7013523,0.020288292,172.9976219,0.008443144,220.2798748,1.273311578,0.010750753,2.402931022,1.887150847,,
Wheat_Brandon_C1_2023-06-28-1139_fused_output_cluster_3,23.77127398,0.868707975,2.607166387,0.104855484,1.272756014,0.201678633,48.3087333,16.82044646,,,2,16.82044646,9.117666634,0.333200052,0.040218179,0.488175983,0.201678633,,27.36394124,226.7051084,0.011064336,18.67700779,0.000911531,117.8670922,6.31081239,0.0057525,12.1381921,1.923396126,,
Wheat_Brandon_C1_2023-06-28-1139_fused_output_cluster_4,10.42486906,0.380971037,1.102018265,0.030366746,0.132523184,0.093860439,49.10798198,87.64491513,,,2,87.64491513,9.459796986,0.345703015,0.027555574,0.120254979,0.093860439,,27.36394124,343.2988537,0.01675469,78.66449304,0.003839218,111.0677637,1.411917365,0.005420659,4.364089063,3.090895524,,
Wheat_Brandon_C1_2023-06-28-1139_fused_output_cluster_5,8.882560208,0.324608218,0.434624843,0.052288454,0.652461678,0.276231381,35.79765878,43.68165146,,,2,43.68165146,20.43730438,0.746869912,0.120307099,1.50120659,0.276231381,,27.36394124,169.87613,0.008290799,13.61391864,0.000664427,32.15623136,2.362011424,0.001569384,12.47812143,5.282837036,,
Wheat_Brandon_C2_2023-06-28-1059_fused_output_cluster_0,15.52139856,0.538546378,0.651224433,0.056486477,0.2006133,0.151791369,35.23912756,,,,1,35.23912756,23.83417726,0.826975081,0.086738878,0.308055549,0.151791369,,28.82091347,274.7807886,0.011477919,77.36973838,0.003231826,102.2548163,1.321638387,0.004271305,3.551527954,2.687216101,,
Wheat_Brandon_C2_2023-06-28-1059_fused_output_cluster_2,17.64750454,0.612315934,3.081970529,0.328906649,1.066921756,0.525631434,38.0148432,22.38348459,,,2,22.38348459,5.726045845,0.198676765,0.106719596,0.346181687,0.525631434,,28.82091347,53.65505556,0.002241235,16.54057989,0.00069092,33.57391399,2.029790625,0.001402422,3.24384368,1.598117383,,
Wheat_Brandon_C2_2023-06-28-1059_fused_output_cluster_5,22.39302681,0.776971446,2.163694423,0.084026824,0.150469156,0.129594252,18.40839357,,,,1,18.40839357,10.34944055,0.359094814,0.038834885,0.069542702,0.129594252,,28.82091347,266.4985497,0.01113196,148.8213761,0.006216445,172.793365,1.161078936,0.007217783,1.790727627,1.542296197,,
Wheat_Brandon_C2_2023-06-28-1059_fused_output_cluster_6,22.28566196,0.773246205,2.842856814,0.373295604,0.657570726,0.576641384,16.55862612,,,,1,16.55862612,7.839178482,0.271996184,0.131310027,0.231306312,0.576641384,,28.82091347,59.69977065,0.00249373,33.89089732,0.001415663,38.64735101,1.140346053,0.001614346,1.761528179,1.544731245,,
Wheat_Brandon_C3_2023-06-28-1327_fused_output_cluster_3,7.562005682,0.258834156,0.407507528,0.063660842,0.525582283,0.234344575,56.30163845,32.22645164,,,2,32.22645164,18.55672636,0.63516411,0.15622004,1.289748648,0.234344575,,29.21564061,118.7858253,0.004763415,14.38786262,0.000576966,32.26874648,2.242775549,0.001294005,8.255974386,3.681141606,,
Wheat_Brandon_C3_2023-06-28-1327_fused_output_cluster_4,15.71986801,0.538063437,0.672321642,0.041833381,0.356524595,0.18106373,56.04725543,,,,1,56.04725543,23.38146956,0.800306585,0.062222273,0.530288739,0.18106373,,29.21564061,375.7733098,0.015068835,44.09195946,0.001768126,86.81953032,1.969055841,0.003481538,8.522490594,4.328211732,,
Wheat_Brandon_C3_2023-06-28-1327_fused_output_cluster_5,,,,,,,,,,,0,,,,,,,,29.21564061,,,,,,,,,,,
Wheat_Brandon_C3_2023-06-28-1327_fused_output_cluster_6,13.02093651,0.445683758,0.905069479,0.032975119,0.412370995,0.19880508,56.00753158,,,,1,56.00753158,14.38667065,0.492430436,0.036433799,0.455623578,0.19880508,,29.21564061,394.8715536,0.015834692,31.57578171,0.001266216,65.49599482,2.074247771,0.002626446,12.50551949,6.028941994,,
Wheat_Brandon_C3_2023-06-28-1327_fused_output_cluster_7,7.978395435,0.273086445,0.293683206,0.028075364,0.250442438,0.112293154,38.26389096,,,,1,38.26389096,27.16667236,0.92986742,0.095597444,0.852763906,0.112293154,,29.21564061,284.1778096,0.011395776,31.85720241,0.001277501,71.04970486,2.230255625,0.002849155,8.920362999,3.999704294,,
Wheat_Brandon_C4_2023-06-28-1442_fused_output_cluster_2,16.88425634,0.542494905,0.919689866,0.094295283,0.338946701,0.262379257,43.16667872,,,,1,43.16667872,18.35864127,0.58986722,0.102529436,0.368544564,0.262379257,,31.12334545,179.0572735,0.005939271,49.8138978,0.001652311,64.35057596,1.291819729,0.002134488,3.594524447,2.782527907,,
Wheat_Brandon_C4_2023-06-28-1442_fused_output_cluster_5,,,,,,,27.43707543,,,,1,27.43707543,,,,,,,31.12334545,,,,,,,,,,,
Wheat_Brandon_C4_2023-06-28-1442_fused_output_cluster_6,15.49235063,0.497772666,0.76266986,0.106292195,0.352882786,0.290200104,46.4650084,,,,1,46.4650084,20.31331175,0.652671217,0.139368553,0.462694023,0.290200104,,31.12334545,145.7524763,0.004834562,43.90225664,0.001456223,53.38506228,1.215998137,0.001770765,3.319931307,2.73021085,,
Wheat_Brandon_C4_2023-06-28-1442_fused_output_cluster_7,18.88155286,0.606668486,1.187193924,0.050230808,0.422909329,0.132342703,55.30059328,18.812075,,,2,18.812075,15.90435436,0.511010437,0.042310533,0.356225988,0.132342703,,31.12334545,375.895861,0.012468343,44.646811,0.00148092,142.6716577,3.195562113,0.004732372,8.419321618,2.634691901,,
Wheat_Brandon_C4_2023-06-28-1442_fused_output_cluster_8,20.97616831,0.673968945,1.366053006,0.033798413,0.102631692,0.077977719,34.42133289,,,,1,34.42133289,15.35531068,0.493369542,0.024741655,0.075130095,0.077977719,,31.12334545,620.6258447,0.020585956,204.3829525,0.006779316,269.0020775,1.316166903,0.008922711,3.036583224,2.307141456,,
Wheat_Brandon_C5_2023-06-28-1251_fused_output_cluster_1,14.85410068,0.510758743,0.707152635,0.038432394,0.129677755,0.095258704,49.43386282,,,,1,49.43386282,21.0055085,0.722275104,0.054348089,0.183380149,0.095258704,,29.08242079,386.4994867,0.015712933,114.5462507,0.004656817,155.9343146,1.361321856,0.006339427,3.374178416,2.478604455,,
Wheat_Brandon_C5_2023-06-28-1251_fused_output_cluster_2,15.54571564,0.534539946,0.79541394,0.052559869,0.41788769,0.241295644,67.32064018,69.13566814,,,2,69.13566814,19.54418304,0.67202738,0.066078637,0.525371343,0.241295644,,29.08242079,295.7715843,0.012024438,37.20070252,0.001512375,64.42601042,1.731849294,0.002619206,7.95069889,4.590872264,,
Wheat_Brandon_C5_2023-06-28-1251_fused_output_cluster_6,,,,,,,23.58244518,,,,1,23.58244518,,,,,,,29.08242079,,,,,,,,,,,
Wheat_Brandon_C5_2023-06-28-1251_fused_output_cluster_7,13.36223999,0.459461064,0.597007853,0.029522839,0.136487656,0.075386538,34.84297361,,,,1,34.84297361,22.38201715,0.769606399,0.049451342,0.228619532,0.075386538,,29.08242079,452.606875,0.018400494,97.90072176,0.003980102,177.2496841,1.810504365,0.007205993,4.623120921,2.553498909,,
Wheat_Brandon_C5_2023-06-28-1251_fused_output_cluster_8,12.64630665,0.434843672,0.679706814,0.037416105,0.632943613,0.26347202,72.73202354,,,,1,72.73202354,18.60553168,0.639751822,0.055047418,0.931200924,0.26347202,,29.08242079,337.9909948,0.013740846,19.98014736,0.000812282,47.99867041,2.402318138,0.001951361,16.91634144,7.04167411,,
Wheat_Brandon_C6_2023-06-28-1030_fused_output_cluster_5,14.04020956,0.478329953,0.658117104,0.026907591,0.342969392,0.176477262,63.07767742,,,,1,63.07767742,21.33390771,0.726815867,0.04088572,0.521137332,0.176477262,,29.35256189,521.7936207,0.020632922,40.9372087,0.001618752,79.55817872,1.943419721,0.003145914,12.74619441,6.558642104,,
Wheat_Brandon_C6_2023-06-28-1030_fused_output_cluster_6,19.01896757,0.647949151,1.730756613,0.160622605,0.460893762,0.351681595,38.59824832,,,,1,38.59824832,10.98881693,0.37437335,0.092804848,0.266296115,0.351681595,,29.35256189,118.4077895,0.004682117,41.2654046,0.001631729,54.08007651,1.310542743,0.002138451,2.869420298,2.189490052,,
Wheat_Brandon_C6_2023-06-28-1030_fused_output_cluster_7,9.384529496,0.319717561,0.357103163,0.016282558,0.080555765,0.064820175,87.68502665,42.09142433,,,2,42.09142433,26.27960339,0.895308678,0.045596229,0.225581214,0.064820175,,29.35256189,576.3547546,0.022790395,116.4973043,0.004606572,144.7779096,1.242757594,0.005724852,4.947365589,3.980957842,,
Wheat_Brandon_C6_2023-06-28-1030_fused_output_cluster_8,11.37692676,0.387595699,0.44322985,0.051782323,0.188136701,0.130216072,29.3156832,32.8326364,,,1,29.3156832,25.66823229,0.874480135,0.116829502,0.424467577,0.130216072,,29.35256189,219.7067688,0.008687712,60.47159701,0.002391186,87.36960518,1.444803999,0.003454795,3.633222531,2.514681946,,
Wheat_Brandon_C6_2023-06-28-1030_fused_output_cluster_9,15.59861249,0.531422523,0.659201708,0.050486995,0.384535256,0.214494468,71.0786585,,,,1,71.0786585,23.66288238,0.806160718,0.076588082,0.583334738,0.214494468,,29.35256189,308.9629842,0.012217108,40.56484353,0.001604027,72.72267957,1.792751389,0.002875622,7.61652104,4.248509351,,
Wheat_Brandon_C7_2023-06-28-1545_fused_output_cluster_0,15.59739646,0.518071993,0.630474663,0.034335528,0.309292872,0.157649788,55.54279363,,,,1,55.54279363,24.73913287,0.821717388,0.054459806,0.490571453,0.157649788,,30.10661966,454.2640663,0.016646479,50.42921414,0.001847976,98.93699596,1.961898428,0.00362554,9.007954497,4.59144794,,
Wheat_Brandon_C7_2023-06-28-1545_fused_output_cluster_1,8.055876641,0.267578251,0.373323215,0.013429435,0.186220326,0.090709394,45.19590973,,,,1,45.19590973,21.57882587,0.716746885,0.035972676,0.498817964,0.090709394,,30.10661966,599.8671263,0.021982095,43.25992127,0.001585257,88.8097285,2.052933198,0.003254427,13.86657924,6.754520439,,
Wheat_Brandon_C7_2023-06-28-1545_fused_output_cluster_2,14.06787503,0.467268501,0.599565845,0.063735026,0.182027858,0.121486561,48.72788074,38.78143578,,,2,38.78143578,23.46343632,0.779344761,0.106301963,0.303599445,0.121486561,,30.10661966,220.7243934,0.008088432,77.28418709,0.002832074,115.7977881,1.498337403,0.004243403,2.85600977,1.906119252,,
Wheat_Brandon_C7_2023-06-28-1545_fused_output_cluster_4,24.34836128,0.808737798,1.624836562,0.043647278,1.109385462,0.096549943,58.6932101,,,,1,58.6932101,14.9851141,0.497734859,0.026862565,0.682767416,0.096549943,,30.10661966,557.843745,0.02044215,21.94761165,0.000804269,252.1841095,11.49027573,0.009241271,25.41705922,2.212049546,,
Wheat_Brandon_C7_2023-06-28-1545_fused_output_cluster_6,15.80309513,0.524904334,0.641603494,0.041849104,0.228269035,0.124413596,33.85662197,,,,1,33.85662197,24.6306251,0.818113271,0.065225805,0.355778978,0.124413596,,30.10661966,377.6208671,0.013837894,69.23013064,0.002536934,127.020644,1.83475956,0.004654664,5.45457395,2.972909404,,
Wheat_Brandon_C8_2023-06-28-1517_fused_output_cluster_3,13.20174549,0.42695173,0.533218489,0.029279024,0.155666508,0.085076897,45.4838039,,,,1,45.4838039,24.75860416,0.800706913,0.054909994,0.291937566,0.085076897,,30.92093218,450.8943163,0.015251657,84.80787343,0.002868656,155.1742715,1.829715394,0.005248824,5.31665632,2.905728584,,
Wheat_Brandon_C8_2023-06-28-1517_fused_output_cluster_4,12.63850044,0.408736075,0.585551809,0.083236908,0.245797279,0.170206881,33.03542912,,,,1,33.03542912,21.58391495,0.698035713,0.142151227,0.419770335,0.170206881,,30.92093218,151.8376966,0.005135963,51.41839041,0.001739245,74.2537573,1.444108941,0.002511659,2.952984242,2.044848667,,
Wheat_Brandon_C8_2023-06-28-1517_fused_output_cluster_5,15.33064457,0.4958015,0.635104364,0.023642387,0.691804808,0.37080721,54.79711219,,,,1,54.79711219,24.13878008,0.780661461,0.037225988,1.089277365,0.37080721,,30.92093218,648.4389427,0.021933672,22.1603614,0.000749582,41.3439765,1.865672484,0.001398474,29.26120793,15.68400037,,
Wheat_Brandon_C8_2023-06-28-1517_fused_output_cluster_6,12.66567762,0.409615,0.518031144,0.057984918,0.309599236,0.166125953,32.7007879,,,,1,32.7007879,24.44964513,0.790715008,0.111933267,0.597645991,0.166125953,,30.92093218,218.4305506,0.007388489,40.90991235,0.001383792,76.24141441,1.863641597,0.002578892,5.339306248,2.864985551,,
Wheat_Brandon_C8_2023-06-28-1517_fused_output_cluster_7,14.45385124,0.467445521,0.646246952,0.046665109,0.126252706,0.092639558,27.98653784,79.63431853,,,1,27.98653784,22.36583274,0.723323366,0.072209407,0.195362942,0.092639558,,30.92093218,309.735723,0.010476918,114.483497,0.003872444,156.0224549,1.362837955,0.005277514,2.705505432,1.985199651,,
Wheat_Brandon_C9_2023-06-28-1404_fused_output_cluster_1,,,,,,,44.67013106,,,,1,44.67013106,,,,,,,31.27370425,,,,,,,,,,,
Wheat_Brandon_C9_2023-06-28-1404_fused_output_cluster_2,25.98278263,0.830818838,4.52223656,0.44615786,0.869222887,0.701679057,28.70154764,,,,1,28.70154764,5.745560252,0.183718571,0.098658673,0.19221084,0.701679057,,31.27370425,58.23674749,0.001903966,29.89196791,0.000977274,37.02944013,1.238775588,0.001210624,1.948240667,1.572714772,,
Wheat_Brandon_C9_2023-06-28-1404_fused_output_cluster_3,25.43011696,0.813146941,1.611622469,0.097991214,3.434407087,0.207813342,66.33740927,,,,1,66.33740927,15.77920229,0.504551753,0.060802834,2.131024575,0.207813342,,31.27370425,259.5142567,0.008484441,7.404514465,0.00024208,122.369992,16.52640325,0.004000709,35.04811259,2.120734442,,
Wheat_Brandon_C9_2023-06-28-1404_fused_output_cluster_4,25.05197279,0.8010555,2.583285264,0.14760256,0.634495505,0.370450313,24.52142495,,,,1,24.52142495,9.697718301,0.31009177,0.057137538,0.245615734,0.370450313,,31.27370425,169.7258691,0.00554894,39.48329433,0.001290849,67.62572992,1.712768173,0.002210925,4.298675476,2.509782434,,
Wheat_Brandon_C9_2023-06-28-1404_fused_output_cluster_5,16.72237244,0.534710321,0.738322111,0.048226728,0.434873005,0.103560979,42.79020261,,,,1,42.79020261,22.64915567,0.724223632,0.06531936,0.589001735,0.103560979,,31.27370425,346.744911,0.011336321,38.45346171,0.00125718,161.4736802,4.199197499,0.005279147,9.017261273,2.147377272,,
